Symbol,Date,Open,High,Low,Close,Volume,AvgSentiment,NewsCount,BullishCount,BearishCount,NextDayDirection,NextDayReturnPct
HDFCBANK.NS,2026-09-18,715.25,733.8,715.25,731.0,39400710,0.714,7,5,0,,
HDFCBANK.NS,2026-09-17,717.5,719.4,713.0,713.0,21506280,-0.13,23,3,6,1,2.52
HDFCBANK.NS,2026-09-16,714.9,725.4,710.85,721.5,27476943,0.0,10,0,0,0,-1.18
HDFCBANK.NS,2026-09-15,722.4,730.75,715.05,716.55,50387632,0.432,37,17,1,1,0.69
HDFCBANK.NS,2026-09-11,683.9,709.0,681.9,708.25,31411934,-0.25,8,1,3,1,1.17
HDFCBANK.NS,2026-09-10,687.1,694.5,686.2,693.8,27108053,0.5,2,1,0,1,2.08
HDFCBANK.NS,2026-09-09,698.0,700.0,687.1,687.1,39173990,0.0,5,1,1,1,0.98
HDFCBANK.NS,2026-09-08,707.1,708.9,703.0,703.0,19883515,0.0,0,0,0,0,-2.26
HDFCBANK.NS,2026-09-07,712.1,713.0,707.05,710.5,12180390,0.0,3,1,1,0,-1.06
HDFCBANK.NS,2026-09-04,708.35,716.5,708.35,712.1,14488024,0.5,2,1,0,0,-0.22
HDFCBANK.NS,2026-09-03,705.0,712.6,705.0,706.65,27770641,0.125,8,3,2,1,0.77
HDFCBANK.NS,2026-09-02,702.3,705.65,700.0,700.8,36950338,0.2,5,2,1,1,0.83
HDFCBANK.NS,2026-09-01,705.05,715.45,698.5,711.9,44417092,0.167,6,2,1,0,-1.56
HDFCBANK.NS,2026-08-31,723.05,739.75,704.15,709.0,78157067,0.188,16,6,3,1,0.41
HDFCBANK.NS,2026-08-28,710.85,720.3,707.0,720.3,16494301,0.4,5,3,1,0,-1.57
HDFCBANK.NS,2026-08-27,728.15,728.15,710.0,711.0,46515020,-0.541,8,1,6,1,1.31
HDFCBANK.NS,2026-08-26,728.0,731.0,724.15,727.2,21156463,-0.8,5,0,4,0,-2.23
HDFCBANK.NS,2026-08-25,726.6,728.7,722.0,727.5,17511874,0.0,2,1,1,0,-0.04
HDFCBANK.NS,2026-08-24,732.5,734.4,724.1,729.0,11408345,0.0,1,0,0,0,-0.21
HDFCBANK.NS,2026-08-21,728.3,732.8,726.6,726.95,26029811,0.0,1,0,0,1,0.28
HDFCBANK.NS,2026-08-20,725.5,728.3,724.3,725.05,17603805,0.0,0,0,0,1,0.26
HDFCBANK.NS,2026-08-19,724.0,725.4,715.1,720.0,21342651,0.0,0,0,0,1,0.7
HDFCBANK.NS,2026-08-18,726.3,729.0,723.0,723.0,17916507,-0.5,2,0,1,0,-0.41
HDFCBANK.NS,2026-08-17,727.05,732.1,724.5,729.0,14823722,0.0,0,0,0,0,-0.82
HDFCBANK.NS,2026-08-14,725.0,729.6,723.5,727.0,20364131,0.0,0,0,0,1,0.28
HDFCBANK.NS,2026-08-13,726.9,729.0,724.5,725.0,22129893,0.0,1,0,0,1,0.28
HDFCBANK.NS,2026-08-12,729.0,730.65,722.0,729.0,26993177,-1.0,1,0,1,0,-0.55
HDFCBANK.NS,2026-08-11,730.5,730.85,726.55,729.0,29154365,0.0,0,0,0,0,0.0
HDFCBANK.NS,2026-08-10,731.5,737.55,728.5,731.0,23660590,0.0,0,0,0,0,-0.27
HDFCBANK.NS,2026-08-07,733.0,736.0,728.2,731.0,19382042,0.0,0,0,0,0,0.0
HDFCBANK.NS,2026-08-06,739.0,740.5,733.55,734.3,44772122,0.0,0,0,0,0,-0.45
HDFCBANK.NS,2026-08-05,733.8,741.95,732.6,735.0,60050538,1.0,1,1,0,0,-0.1
HDFCBANK.NS,2026-08-04,753.2,753.2,738.0,742.0,31559802,-0.5,2,0,1,0,-0.94
HDFCBANK.NS,2026-08-03,753.05,756.85,750.05,753.0,14827841,0.33,1,1,0,0,-1.46
HDFCBANK.NS,2026-07-31,753.95,757.55,747.2,748.15,25522483,0.0,0,0,0,1,0.65
HDFCBANK.NS,2026-07-30,752.8,757.9,745.5,753.95,35844392,0.0,1,0,0,0,-0.77
HDFCBANK.NS,2026-07-29,743.0,751.25,740.8,748.2,20460659,0.0,0,0,0,1,0.77
HDFCBANK.NS,2026-07-28,732.0,740.25,732.0,735.4,33886037,0.0,0,0,0,1,1.74
HDFCBANK.NS,2026-07-27,746.1,747.95,738.1,739.55,29678752,0.33,1,1,0,0,-0.56
HDFCBANK.NS,2026-07-24,738.5,748.25,737.25,742.8,23837859,0.0,0,0,0,0,-0.44
HDFCBANK.NS,2026-07-23,749.4,751.0,743.25,747.25,32532090,0.0,0,0,0,0,-0.6
HDFCBANK.NS,2026-07-22,760.25,761.35,750.35,753.15,23385446,0.0,2,0,0,0,-0.78
HDFCBANK.NS,2026-07-21,769.15,772.5,760.1,761.45,42246009,0.0,2,0,0,0,-1.09
HDFCBANK.NS,2026-07-20,790.0,790.0,774.55,777.6,56061789,-0.165,2,0,1,0,-2.08
HDFCBANK.NS,2026-07-17,810.0,823.7,808.5,819.6,17415322,0.0,1,0,0,0,-5.12
HDFCBANK.NS,2026-07-16,814.5,818.0,806.5,808.3,18698186,0.0,0,0,0,1,1.4
HDFCBANK.NS,2026-07-15,811.0,819.7,809.7,815.45,21488739,1.0,1,1,0,0,-0.88
HDFCBANK.NS,2026-07-14,811.4,818.4,807.0,809.4,25605395,0.0,0,0,0,1,0.75
HDFCBANK.NS,2026-07-13,817.0,821.95,811.0,817.95,21741736,0.0,1,0,0,0,-1.05
HDFCBANK.NS,2026-07-10,824.0,827.7,820.3,824.95,23595785,0.5,2,1,0,0,-0.85
HDFCBANK.NS,2026-07-09,813.0,822.85,812.3,817.55,39891798,0.0,0,0,0,1,0.91
HDFCBANK.NS,2026-07-08,825.9,834.35,806.95,810.3,38754632,0.0,0,0,0,1,0.89
HDFCBANK.NS,2026-07-07,843.0,843.0,826.1,829.3,57611729,0.0,0,0,0,0,-2.29
HDFCBANK.NS,2026-07-06,805.0,831.5,805.0,829.85,63203327,0.0,0,0,0,0,-0.07
HDFCBANK.NS,2026-07-03,803.0,807.0,798.55,801.05,25871958,0.0,0,0,0,1,3.6
HDFCBANK.NS,2026-07-02,795.0,805.45,794.0,795.9,34143823,0.0,0,0,0,1,0.65
HDFCBANK.NS,2026-07-01,793.5,802.25,793.5,796.15,26094378,0.0,0,0,0,0,-0.03
HDFCBANK.NS,2026-06-30,806.1,806.1,792.75,797.95,45778356,1.0,1,1,0,0,-0.23
HDFCBANK.NS,2026-06-29,800.0,805.9,793.3,798.9,46695977,0.0,0,0,0,0,-0.12
HDFCBANK.NS,2026-06-25,798.5,804.45,794.75,796.3,46707966,0.0,0,0,0,1,0.33
HDFCBANK.NS,2026-06-24,773.0,794.9,772.65,793.2,34701292,0.5,2,1,0,1,0.39
HDFCBANK.NS,2026-06-23,783.05,790.9,772.55,774.65,28289062,0.0,0,0,0,1,2.39
HDFCBANK.NS,2026-06-22,789.9,789.9,783.1,786.4,25194765,0.0,0,0,0,0,-1.49
HDFCBANK.NS,2026-06-19,788.7,789.05,776.2,779.8,33798761,0.0,0,0,0,1,0.85
HDFCBANK.NS,2026-06-18,786.5,802.95,786.2,799.0,41492071,0.0,0,0,0,0,-2.4
HDFCBANK.NS,2026-06-17,787.65,794.3,783.1,787.1,32405604,0.0,0,0,0,1,1.51
HDFCBANK.NS,2026-06-16,780.5,787.7,779.45,784.9,27820970,0.0,0,0,0,1,0.28
HDFCBANK.NS,2026-06-15,790.0,793.5,775.6,777.35,39990334,0.0,0,0,0,1,0.97
HDFCBANK.NS,2026-06-12,754.7,774.45,753.1,772.45,36088159,0.0,0,0,0,1,0.63
HDFCBANK.NS,2026-06-11,743.0,756.0,740.1,744.6,32632007,0.0,0,0,0,1,3.74
HDFCBANK.NS,2026-06-10,736.5,755.95,736.4,746.85,44458159,0.0,1,0,0,0,-0.3
HDFCBANK.NS,2026-06-09,739.45,743.95,732.3,738.35,38539563,0.0,0,0,0,1,1.15
HDFCBANK.NS,2026-06-08,738.0,741.5,734.5,738.65,21550700,0.0,0,0,0,0,-0.04
HDFCBANK.NS,2026-06-05,753.95,758.7,744.65,747.05,22116568,0.0,0,0,0,0,-1.12
HDFCBANK.NS,2026-06-04,749.15,757.3,745.0,754.2,42673538,0.0,0,0,0,0,-0.95
HDFCBANK.NS,2026-06-03,744.45,756.9,742.6,753.65,36109480,0.0,0,0,0,1,0.07
HDFCBANK.NS,2026-06-02,737.0,753.6,733.15,748.25,47314447,0.0,0,0,0,1,0.72
HDFCBANK.NS,2026-06-01,749.0,752.35,739.2,742.7,47996441,0.0,0,0,0,1,0.75
HDFCBANK.NS,2026-05-29,746.05,760.5,737.75,744.55,101299431,0.0,0,0,0,0,-0.25
HDFCBANK.NS,2026-05-27,769.5,773.9,756.9,758.65,63680153,0.0,0,0,0,0,-1.86
HDFCBANK.NS,2026-05-26,784.05,790.85,776.75,778.9,31528062,0.0,0,0,0,0,-2.6
HDFCBANK.NS,2026-05-25,776.0,787.85,775.2,786.85,26043952,0.0,0,0,0,0,-1.01
HDFCBANK.NS,2026-05-22,759.15,775.0,759.15,766.8,25604071,0.0,0,0,0,1,2.61
HDFCBANK.NS,2026-05-21,767.0,768.25,755.15,759.15,34664725,0.0,0,0,0,1,1.01
HDFCBANK.NS,2026-05-20,759.6,762.25,755.15,759.5,24013451,0.0,0,0,0,0,-0.05
HDFCBANK.NS,2026-05-19,766.7,770.8,760.25,762.45,40307830,0.0,0,0,0,0,-0.39
HDFCBANK.NS,2026-05-18,759.0,774.1,751.35,768.65,29812079,0.0,0,0,0,0,-0.81
HDFCBANK.NS,2026-05-15,773.0,781.9,765.4,767.5,24347873,0.0,0,0,0,1,0.15
HDFCBANK.NS,2026-05-14,751.0,778.3,747.0,769.55,50992358,0.0,0,0,0,0,-0.27
HDFCBANK.NS,2026-05-13,752.0,759.95,747.35,749.6,28960919,0.0,0,0,0,1,2.66
HDFCBANK.NS,2026-05-12,756.6,759.7,747.8,750.45,43937132,0.0,0,0,0,0,-0.11
HDFCBANK.NS,2026-05-11,771.95,774.85,761.9,763.65,41123422,0.0,0,0,0,0,-1.73
HDFCBANK.NS,2026-05-08,784.0,788.75,777.2,780.85,38016841,0.0,0,0,0,0,-2.2
HDFCBANK.NS,2026-05-07,794.0,801.55,788.55,796.05,46137553,0.0,0,0,0,0,-1.91
HDFCBANK.NS,2026-05-06,775.15,798.95,773.5,796.55,35530831,0.0,0,0,0,0,-0.06
HDFCBANK.NS,2026-05-05,774.4,776.9,763.7,772.3,38887657,0.0,0,0,0,1,3.14
HDFCBANK.NS,2026-05-04,772.6,786.6,772.6,779.4,29028060,0.0,0,0,0,0,-0.91
HDFCBANK.NS,2026-04-30,770.0,778.8,762.25,771.7,47998755,0.0,0,0,0,1,1.0
HDFCBANK.NS,2026-04-29,785.5,790.0,777.35,779.0,25799963,0.0,0,0,0,0,-0.94
HDFCBANK.NS,2026-04-28,785.0,794.5,778.3,782.55,35366803,0.0,0,0,0,0,-0.45
HDFCBANK.NS,2026-04-27,787.5,793.0,785.0,789.8,18115375,0.0,0,0,0,0,-0.92
HDFCBANK.NS,2026-04-24,777.3,787.6,777.0,784.85,27720358,0.0,0,0,0,1,0.63
HDFCBANK.NS,2026-04-23,792.0,796.65,782.5,784.35,37677616,0.0,0,0,0,1,0.06
HDFCBANK.NS,2026-04-22,810.0,813.05,798.0,799.9,23876412,0.0,0,0,0,0,-1.94
HDFCBANK.NS,2026-04-21,795.2,814.9,795.2,811.75,49135752,0.0,0,0,0,0,-1.46
HDFCBANK.NS,2026-04-20,797.1,809.95,790.0,795.45,52148044,0.0,0,0,0,1,2.05
HDFCBANK.NS,2026-04-17,790.1,803.95,788.2,799.9,37282544,0.0,0,0,0,0,-0.56
HDFCBANK.NS,2026-04-16,818.0,820.05,792.2,795.45,62861293,0.0,0,0,0,1,0.56
HDFCBANK.NS,2026-04-15,804.95,814.8,804.0,809.9,39769515,0.0,0,0,0,0,-1.78
HDFCBANK.NS,2026-04-13,791.5,798.5,787.35,794.7,47549328,0.0,0,0,0,1,1.91
HDFCBANK.NS,2026-04-10,804.0,812.25,801.0,810.3,38156026,0.0,0,0,0,0,-1.93
HDFCBANK.NS,2026-04-09,815.0,819.0,793.1,797.7,48879392,0.0,0,0,0,1,1.58
HDFCBANK.NS,2026-04-08,800.0,817.8,796.0,816.1,70269512,0.0,0,0,0,0,-2.25
HDFCBANK.NS,2026-04-07,766.0,774.0,761.0,772.0,51309793,0.0,0,0,0,1,5.71
HDFCBANK.NS,2026-04-06,759.0,772.75,745.0,771.0,42976659,0.0,0,0,0,1,0.13
HDFCBANK.NS,2026-04-02,730.0,755.0,726.65,750.9,49310300,0.0,0,0,0,1,2.68
HDFCBANK.NS,2026-04-01,743.0,755.9,739.1,742.25,78862761,0.0,0,0,0,1,1.17
HDFCBANK.NS,2026-03-30,745.2,751.0,726.65,731.55,103500135,0.0,0,0,0,1,1.46
HDFCBANK.NS,2026-03-27,773.2,774.9,754.55,756.2,65485199,0.0,0,0,0,0,-3.26
HDFCBANK.NS,2026-03-25,768.2,794.8,768.2,782.3,59230640,0.0,0,0,0,0,-3.34
HDFCBANK.NS,2026-03-24,755.0,772.75,747.7,764.9,61269986,0.0,0,0,0,1,2.27
HDFCBANK.NS,2026-03-23,763.15,768.7,741.05,744.15,72341738,0.0,0,0,0,1,2.79
HDFCBANK.NS,2026-03-20,785.0,793.75,778.2,780.45,103129469,1.0,1,1,0,0,-4.65
HDFCBANK.NS,2026-03-19,770.0,815.65,770.0,798.2,171637393,0.0,0,0,0,0,-2.22
HDFCBANK.NS,2026-03-18,845.35,846.8,831.6,843.05,23507063,0.0,2,0,0,0,-5.32
HDFCBANK.NS,2026-03-17,847.7,848.9,835.1,845.35,38826979,0.0,0,0,0,0,-0.27
HDFCBANK.NS,2026-03-16,817.0,844.5,815.65,840.6,52182605,0.0,0,0,0,1,0.57
HDFCBANK.NS,2026-03-13,820.0,823.8,812.0,817.0,41700464,0.0,0,0,0,1,2.89
HDFCBANK.NS,2026-03-12,820.1,836.4,820.1,832.75,46107561,0.0,0,0,0,0,-1.89
HDFCBANK.NS,2026-03-11,845.0,848.85,827.6,833.95,42261076,0.0,0,0,0,0,-0.14
HDFCBANK.NS,2026-03-10,850.05,856.8,840.6,849.45,52866024,0.0,0,0,0,0,-1.82
HDFCBANK.NS,2026-03-09,825.0,842.45,821.5,840.7,35592613,0.0,0,0,0,1,1.04
HDFCBANK.NS,2026-03-06,868.05,871.7,855.1,857.05,34439647,0.0,0,0,0,0,-1.91
HDFCBANK.NS,2026-03-05,873.85,881.4,863.5,877.75,31324582,0.0,0,0,0,0,-2.36
HDFCBANK.NS,2026-03-04,848.0,879.3,848.0,868.65,39862322,0.0,0,0,0,1,1.05
HDFCBANK.NS,2026-03-02,876.2,887.75,871.55,879.4,38378924,0.0,0,0,0,0,-1.22
HDFCBANK.NS,2026-02-27,898.6,898.95,885.0,887.75,34620755,0.0,0,0,0,0,-0.94
HDFCBANK.NS,2026-02-26,912.0,912.0,895.0,898.6,41165937,0.0,0,0,0,0,-1.21
HDFCBANK.NS,2026-02-25,910.55,916.0,903.1,907.6,27884303,0.0,0,0,0,0,-0.99
HDFCBANK.NS,2026-02-24,927.95,927.95,909.15,910.5,31313985,0.0,0,0,0,0,-0.32
HDFCBANK.NS,2026-02-23,916.5,925.65,915.25,923.6,23270122,0.0,0,0,0,0,-1.42
HDFCBANK.NS,2026-02-20,911.0,917.85,908.4,911.85,22654907,0.0,0,0,0,1,1.29
HDFCBANK.NS,2026-02-19,929.0,929.2,912.45,915.6,21209234,0.0,0,0,0,0,-0.41
HDFCBANK.NS,2026-02-18,923.2,925.5,919.55,924.7,12738702,0.0,0,0,0,0,-0.98
HDFCBANK.NS,2026-02-17,923.0,928.1,918.6,925.7,22599629,0.0,0,0,0,0,-0.11
HDFCBANK.NS,2026-02-16,903.9,929.5,902.1,925.8,18806989,0.0,0,0,0,0,-0.01
HDFCBANK.NS,2026-02-13,913.0,928.2,901.0,903.9,50188359,0.0,0,0,0,1,2.42
HDFCBANK.NS,2026-02-12,927.0,928.6,918.5,920.6,33872203,0.0,0,0,0,0,-1.81
HDFCBANK.NS,2026-02-11,931.25,936.0,925.3,927.1,24869804,0.0,0,0,0,0,-0.7
HDFCBANK.NS,2026-02-10,930.0,940.9,929.95,932.4,31525385,0.0,0,0,0,0,-0.57
HDFCBANK.NS,2026-02-09,945.0,950.0,935.35,937.25,23947829,0.0,0,0,0,0,-0.52
HDFCBANK.NS,2026-02-06,945.0,948.1,937.6,941.1,18120272,0.0,0,0,0,0,-0.41
HDFCBANK.NS,2026-02-05,956.0,956.05,946.7,949.7,28103169,0.0,0,0,0,0,-0.91
HDFCBANK.NS,2026-02-04,952.5,957.2,947.95,953.1,24366770,0.0,0,0,0,0,-0.36
HDFCBANK.NS,2026-02-03,983.75,994.0,945.0,948.7,50336968,0.0,0,0,0,1,0.46
HDFCBANK.NS,2026-02-02,915.0,929.8,909.3,928.1,28032106,0.0,0,0,0,1,2.22
HDFCBANK.NS,2026-01-30,930.0,938.9,927.75,929.25,29691233,0.0,0,0,0,0,-0.12
HDFCBANK.NS,2026-01-29,930.1,939.3,924.35,935.5,37175628,0.0,0,0,0,0,-0.67
HDFCBANK.NS,2026-01-28,932.5,941.45,928.4,932.7,35347138,0.0,0,0,0,1,0.3
HDFCBANK.NS,2026-01-27,906.0,931.2,905.0,926.4,44753093,0.0,0,0,0,1,0.68
HDFCBANK.NS,2026-01-23,920.0,926.1,909.25,916.1,30985247,0.0,0,0,0,1,1.12
HDFCBANK.NS,2026-01-22,928.0,928.3,913.2,918.7,44444755,0.0,0,0,0,0,-0.28
HDFCBANK.NS,2026-01-21,925.0,932.15,915.5,920.35,32766854,0.0,0,0,0,0,-0.18
HDFCBANK.NS,2026-01-20,929.3,934.5,919.6,931.2,36022727,0.0,0,0,0,0,-1.17
HDFCBANK.NS,2026-01-19,935.9,936.15,919.5,927.9,38191942,0.0,0,0,0,1,0.36
HDFCBANK.NS,2026-01-16,922.0,935.95,919.2,931.1,37780235,0.0,0,0,0,0,-0.34
HDFCBANK.NS,2026-01-14,930.0,940.05,920.2,925.45,36688248,0.0,0,0,0,1,0.61
HDFCBANK.NS,2026-01-13,947.7,947.7,932.6,937.35,32042827,0.0,0,0,0,0,-1.27
HDFCBANK.NS,2026-01-12,937.5,942.0,929.6,936.95,21071666,0.0,0,0,0,1,0.04
HDFCBANK.NS,2026-01-09,945.0,950.6,933.3,939.0,38183839,0.0,0,0,0,0,-0.22
HDFCBANK.NS,2026-01-08,944.7,953.0,941.4,946.7,21928849,0.0,0,0,0,0,-0.81
HDFCBANK.NS,2026-01-07,956.0,956.45,946.0,949.05,52884712,0.0,0,0,0,0,-0.25
HDFCBANK.NS,2026-01-06,962.7,966.7,956.0,962.2,31988783,0.0,0,0,0,0,-1.37
HDFCBANK.NS,2026-01-05,1005.75,1006.4,976.3,977.5,27647379,0.0,0,0,0,0,-1.57
HDFCBANK.NS,2026-01-02,991.15,1003.2,988.8,1001.6,11751459,0.0,0,0,0,0,-2.41
HDFCBANK.NS,2026-01-01,993.5,997.55,989.5,991.15,7132074,0.0,0,0,0,1,1.05
HDFCBANK.NS,2025-12-31,991.0,997.6,987.6,991.2,10963454,0.0,0,0,0,0,-0.01
HDFCBANK.NS,2025-12-30,990.2,995.0,982.2,990.9,33155849,0.0,0,0,0,1,0.03
HDFCBANK.NS,2025-12-29,993.1,997.4,987.2,991.7,13545749,0.0,0,0,0,0,-0.08
HDFCBANK.NS,2025-12-26,996.0,997.2,987.7,992.1,9360853,0.0,0,0,0,0,-0.04
HDFCBANK.NS,2025-12-24,993.0,999.4,993.0,997.2,13699996,0.0,0,0,0,0,-0.51
HDFCBANK.NS,2025-12-23,990.5,998.9,987.7,996.6,17927849,0.0,0,0,0,1,0.06
HDFCBANK.NS,2025-12-22,988.0,992.9,983.9,987.7,13540411,0.0,0,0,0,1,0.9
HDFCBANK.NS,2025-12-19,987.0,988.0,978.7,985.5,25952384,0.0,0,0,0,1,0.22
HDFCBANK.NS,2025-12-18,973.3,987.4,973.3,979.7,14912404,0.0,0,0,0,1,0.59
HDFCBANK.NS,2025-12-17,996.0,996.0,980.8,984.0,19080922,0.0,0,0,0,0,-0.44
HDFCBANK.NS,2025-12-16,990.1,998.7,990.1,994.3,20049088,0.0,0,0,0,0,-1.04
HDFCBANK.NS,2025-12-15,992.0,1001.8,992.0,996.1,9790060,0.0,0,0,0,0,-0.18
HDFCBANK.NS,2025-12-12,1003.0,1004.7,998.2,1001.5,11988618,0.0,0,0,0,0,-0.54
HDFCBANK.NS,2025-12-11,990.0,1002.7,988.5,1000.3,11844809,0.0,0,0,0,1,0.12
HDFCBANK.NS,2025-12-10,997.5,998.5,985.3,989.8,15322830,0.0,0,0,0,1,1.06
HDFCBANK.NS,2025-12-09,994.9,1002.8,994.0,997.1,15294322,0.0,0,0,0,0,-0.73
HDFCBANK.NS,2025-12-08,1000.0,1006.5,997.5,1003.1,12901022,0.0,0,0,0,0,-0.6
HDFCBANK.NS,2025-12-05,992.0,1008.0,990.2,1003.3,12843366,0.0,0,0,0,0,-0.02
HDFCBANK.NS,2025-12-04,1000.0,1004.7,993.0,997.2,14528169,0.0,0,0,0,1,0.61
HDFCBANK.NS,2025-12-03,986.0,1002.3,986.0,1000.5,15448777,0.0,0,0,0,0,-0.33
HDFCBANK.NS,2025-12-02,988.0,994.4,985.0,989.8,27316662,0.0,0,0,0,1,1.08
HDFCBANK.NS,2025-12-01,1017.5,1017.5,999.3,1002.1,16746566,0.0,0,0,0,0,-1.23
HDFCBANK.NS,2025-11-28,1007.0,1012.05,1004.2,1007.6,15988807,0.0,0,0,0,0,-0.55
HDFCBANK.NS,2025-11-27,1002.1,1016.8,1001.0,1009.5,25536848,0.0,0,0,0,0,-0.19
HDFCBANK.NS,2025-11-26,981.3,1006.95,981.3,1003.9,19494356,0.0,0,0,0,1,0.56
HDFCBANK.NS,2025-11-25,1004.0,1006.1,988.4,989.8,24989383,0.0,0,0,0,1,1.42
HDFCBANK.NS,2025-11-24,1000.0,1011.45,993.6,999.15,32204053,0.0,0,0,0,0,-0.94
HDFCBANK.NS,2025-11-21,1003.1,1008.3,996.55,998.05,17499897,0.0,0,0,0,1,0.11
HDFCBANK.NS,2025-11-20,995.3,1011.6,992.45,1008.85,19850865,0.0,0,0,0,0,-1.07
HDFCBANK.NS,2025-11-19,990.0,996.55,984.0,994.6,19813847,0.0,0,0,0,1,1.43
HDFCBANK.NS,2025-11-18,997.65,999.0,990.0,992.45,20002640,0.0,0,0,0,1,0.22
HDFCBANK.NS,2025-11-17,991.25,997.95,985.6,996.55,18396408,0.0,0,0,0,0,-0.41
HDFCBANK.NS,2025-11-14,976.05,991.65,976.05,989.6,21386965,0.0,0,0,0,1,0.7
HDFCBANK.NS,2025-11-13,984.0,990.1,982.6,986.65,14124839,0.0,0,0,0,1,0.3
HDFCBANK.NS,2025-11-12,998.8,999.0,987.7,989.5,13137263,0.0,0,0,0,0,-0.29
HDFCBANK.NS,2025-11-11,983.5,993.5,978.0,991.7,10200530,0.0,0,0,0,0,-0.22
HDFCBANK.NS,2025-11-10,982.3,990.95,980.2,984.5,15988262,0.0,0,0,0,1,0.73
HDFCBANK.NS,2025-11-07,980.0,984.9,974.75,982.3,15004568,0.0,0,0,0,1,0.22
HDFCBANK.NS,2025-11-06,981.0,991.05,974.0,984.65,22279516,0.0,0,0,0,0,-0.24
HDFCBANK.NS,2025-11-04,987.0,997.0,983.7,985.25,20024544,0.0,0,0,0,0,-0.06
HDFCBANK.NS,2025-11-03,985.0,994.55,983.3,992.65,16607180,0.0,0,0,0,0,-0.75
HDFCBANK.NS,2025-10-31,994.0,1004.45,981.15,987.3,23221330,0.0,0,0,0,1,0.54
HDFCBANK.NS,2025-10-30,1000.0,1009.5,997.1,998.15,19962917,0.0,0,0,0,0,-1.09
HDFCBANK.NS,2025-10-29,1004.9,1012.5,1000.0,1007.85,17769445,0.0,0,0,0,0,-0.96
HDFCBANK.NS,2025-10-28,997.65,1008.0,995.0,1003.55,33904289,0.0,0,0,0,1,0.43
HDFCBANK.NS,2025-10-27,996.5,1009.05,996.2,1002.95,15700796,0.0,0,0,0,1,0.06
HDFCBANK.NS,2025-10-24,1011.0,1011.95,991.3,994.75,17707768,0.0,0,0,0,1,0.82
HDFCBANK.NS,2025-10-23,1016.0,1020.5,1006.0,1008.8,43526526,0.0,0,0,0,0,-1.39
HDFCBANK.NS,2025-10-21,1006.0,1010.0,1004.0,1007.7,3471600,0.0,0,0,0,1,0.11
HDFCBANK.NS,2025-10-20,997.0,1020.0,997.0,1002.95,22195202,0.0,0,0,0,1,0.47
HDFCBANK.NS,2025-10-17,993.95,1009.0,986.0,1002.55,25210511,0.0,0,0,0,1,0.04
HDFCBANK.NS,2025-10-16,982.65,996.6,981.5,994.35,22936566,0.0,0,0,0,1,0.82
HDFCBANK.NS,2025-10-15,975.0,984.9,973.35,978.25,23310447,0.0,0,0,0,1,1.65
HDFCBANK.NS,2025-10-14,970.0,980.45,967.0,977.15,22934382,0.0,0,0,0,1,0.11
HDFCBANK.NS,2025-10-13,974.3,981.0,972.0,977.0,18634254,0.0,0,0,0,1,0.02
HDFCBANK.NS,2025-10-10,979.0,986.2,978.1,980.9,13757080,0.0,0,0,0,0,-0.4
HDFCBANK.NS,2025-10-09,974.5,979.0,970.15,977.1,15370950,0.0,0,0,0,1,0.39
HDFCBANK.NS,2025-10-08,976.0,985.9,974.55,978.7,15939710,0.0,0,0,0,0,-0.16
HDFCBANK.NS,2025-10-07,974.0,989.85,971.0,982.5,25535736,0.0,0,0,0,0,-0.39
HDFCBANK.NS,2025-10-06,971.9,977.4,962.0,973.45,18542683,0.0,0,0,0,1,0.93
HDFCBANK.NS,2025-10-03,952.0,966.75,952.0,965.15,26658296,0.0,0,0,0,1,0.86
HDFCBANK.NS,2025-10-01,952.7,969.6,946.0,965.25,25350832,0.0,0,0,0,0,-0.01
HDFCBANK.NS,2025-09-30,958.05,960.0,946.3,951.0,28296687,0.0,0,0,0,1,1.5
HDFCBANK.NS,2025-09-29,946.05,956.8,939.1,950.3,32398179,0.0,0,0,0,1,0.07
HDFCBANK.NS,2025-09-26,945.1,951.45,941.3,945.05,14874656,0.0,0,0,0,1,0.56
HDFCBANK.NS,2025-09-25,952.5,958.0,947.4,949.85,31413279,0.0,0,0,0,0,-0.51
HDFCBANK.NS,2025-09-24,952.2,956.45,943.0,951.05,15117220,0.0,0,0,0,0,-0.13
HDFCBANK.NS,2025-09-23,967.0,968.2,955.5,957.2,21022298,0.0,0,0,0,0,-0.64
HDFCBANK.NS,2025-09-22,964.0,971.2,961.95,964.2,10854415,0.0,0,0,0,0,-0.73
HDFCBANK.NS,2025-09-19,974.9,976.7,962.1,966.9,31243267,0.0,0,0,0,0,-0.28
HDFCBANK.NS,2025-09-18,973.3,979.65,969.25,976.9,17791598,0.0,0,0,0,0,-1.02
HDFCBANK.NS,2025-09-17,965.15,974.4,964.35,966.5,17361476,0.0,0,0,0,1,1.08
ICICIBANK.NS,2026-09-18,1351.9,1359.8,1338.9,1338.9,7509409,0.0,2,0,0,,
ICICIBANK.NS,2026-09-17,1352.0,1363.0,1347.6,1347.6,7787722,-0.286,14,1,5,0,-0.65
ICICIBANK.NS,2026-09-16,1359.0,1361.4,1348.0,1358.8,9625762,0.25,8,2,0,0,-0.82
ICICIBANK.NS,2026-09-15,1379.3,1390.0,1350.4,1350.4,10133488,0.0,2,0,0,1,0.62
ICICIBANK.NS,2026-09-11,1371.6,1389.0,1367.6,1379.3,7064417,0.0,1,0,0,0,-2.1
ICICIBANK.NS,2026-09-10,1385.9,1393.0,1373.9,1384.5,10580641,0.333,3,1,0,0,-0.38
ICICIBANK.NS,2026-09-09,1395.9,1402.5,1385.5,1389.1,14229080,0.2,5,1,0,0,-0.33
ICICIBANK.NS,2026-09-08,1424.0,1424.9,1396.3,1399.4,12123411,-0.444,9,0,4,0,-0.74
ICICIBANK.NS,2026-09-07,1428.0,1434.4,1422.6,1427.5,8035111,0.25,4,2,1,0,-1.97
ICICIBANK.NS,2026-09-04,1432.1,1438.3,1421.4,1423.2,6693889,1.0,2,2,0,1,0.3
ICICIBANK.NS,2026-09-03,1438.3,1452.0,1430.0,1430.0,10503351,0.182,11,3,1,0,-0.48
ICICIBANK.NS,2026-09-02,1425.1,1436.0,1420.7,1426.5,8515824,0.5,6,3,0,1,0.25
ICICIBANK.NS,2026-09-01,1442.9,1446.7,1422.8,1438.0,10627608,0.333,3,1,0,0,-0.8
ICICIBANK.NS,2026-08-31,1422.8,1454.0,1419.0,1454.0,15331697,0.0,1,0,0,0,-1.1
ICICIBANK.NS,2026-08-28,1435.0,1439.8,1418.9,1422.8,8625738,0.0,1,0,0,1,2.19
ICICIBANK.NS,2026-08-27,1445.0,1453.8,1433.1,1443.0,11539716,0.0,0,0,0,0,-1.4
ICICIBANK.NS,2026-08-26,1423.1,1446.0,1423.1,1430.0,4177066,-0.8,5,0,4,1,0.91
ICICIBANK.NS,2026-08-25,1408.0,1424.9,1408.0,1422.7,7983249,0.125,8,1,0,1,0.51
ICICIBANK.NS,2026-08-24,1420.5,1425.5,1408.7,1415.0,5307113,0.0,2,0,0,1,0.54
ICICIBANK.NS,2026-08-21,1417.0,1420.0,1411.2,1420.0,4565280,0.333,6,2,0,0,-0.35
ICICIBANK.NS,2026-08-20,1407.8,1413.0,1403.3,1411.9,8425049,0.0,2,0,0,1,0.57
ICICIBANK.NS,2026-08-19,1412.0,1416.0,1391.5,1402.0,10304210,1.0,1,1,0,1,0.71
ICICIBANK.NS,2026-08-18,1410.0,1416.6,1406.3,1412.0,8345198,0.0,1,0,0,0,-0.71
ICICIBANK.NS,2026-08-17,1418.0,1423.6,1407.0,1415.3,5605603,0.0,0,0,0,0,-0.23
ICICIBANK.NS,2026-08-14,1403.0,1417.8,1401.0,1417.0,6097934,0.0,2,0,0,0,-0.12
ICICIBANK.NS,2026-08-13,1429.0,1429.0,1406.4,1406.8,11408206,-0.5,2,0,1,1,0.73
ICICIBANK.NS,2026-08-12,1429.4,1435.0,1418.6,1431.7,8201733,-1.0,1,0,1,0,-1.74
ICICIBANK.NS,2026-08-11,1432.1,1434.0,1412.2,1429.6,10471914,0.0,1,0,0,1,0.15
ICICIBANK.NS,2026-08-10,1428.1,1441.9,1415.5,1431.8,12749354,0.0,1,0,0,0,-0.15
ICICIBANK.NS,2026-08-07,1451.0,1455.0,1418.2,1421.0,14395789,-0.667,3,0,2,1,0.76
ICICIBANK.NS,2026-08-06,1460.0,1460.0,1448.3,1457.5,14954726,0.5,2,1,0,0,-2.5
ICICIBANK.NS,2026-08-05,1454.6,1454.6,1431.2,1450.1,11723296,0.0,1,0,0,1,0.51
ICICIBANK.NS,2026-08-04,1452.0,1454.6,1430.8,1454.6,11458963,0.0,2,1,1,0,-0.31
ICICIBANK.NS,2026-08-03,1442.0,1460.0,1433.0,1460.0,7706747,0.33,1,1,0,0,-0.37
ICICIBANK.NS,2026-07-31,1434.3,1441.9,1431.4,1435.4,8752440,0.0,0,0,0,1,1.71
ICICIBANK.NS,2026-07-30,1431.1,1442.2,1422.6,1433.9,14141173,0.0,1,0,0,1,0.1
ICICIBANK.NS,2026-07-29,1442.5,1448.5,1428.5,1437.9,10856166,0.0,0,0,0,0,-0.28
ICICIBANK.NS,2026-07-28,1442.3,1445.9,1417.6,1430.8,19486209,0.0,0,0,0,1,0.5
ICICIBANK.NS,2026-07-27,1435.7,1449.0,1428.8,1445.7,10608300,0.0,0,0,0,0,-1.03
ICICIBANK.NS,2026-07-24,1428.0,1440.0,1415.4,1432.9,10870914,0.0,0,0,0,1,0.89
ICICIBANK.NS,2026-07-23,1432.5,1446.0,1426.6,1434.6,12409328,0.0,0,0,0,0,-0.12
ICICIBANK.NS,2026-07-22,1466.4,1466.4,1438.4,1440.7,8345136,0.333,3,1,0,0,-0.42
ICICIBANK.NS,2026-07-21,1470.0,1473.9,1456.6,1463.1,18269907,0.0,2,0,0,0,-1.53
ICICIBANK.NS,2026-07-20,1444.5,1480.0,1439.5,1460.2,22236415,0.697,11,8,1,1,0.2
ICICIBANK.NS,2026-07-17,1422.1,1455.1,1419.7,1444.3,11112550,0.75,4,3,0,1,1.1
ICICIBANK.NS,2026-07-16,1420.1,1423.7,1406.2,1418.2,10165264,0.0,0,0,0,1,1.84
ICICIBANK.NS,2026-07-15,1412.9,1428.0,1409.2,1416.2,12961648,0.0,0,0,0,1,0.14
ICICIBANK.NS,2026-07-14,1400.0,1411.8,1392.0,1407.7,14133017,0.0,0,0,0,1,0.6
ICICIBANK.NS,2026-07-13,1393.5,1413.0,1386.3,1409.5,10091437,0.0,0,0,0,0,-0.13
ICICIBANK.NS,2026-07-10,1389.7,1408.2,1389.6,1401.2,6409645,0.0,0,0,0,1,0.59
ICICIBANK.NS,2026-07-09,1382.9,1403.6,1377.3,1380.7,13948838,0.0,0,0,0,1,1.48
ICICIBANK.NS,2026-07-08,1410.3,1418.3,1375.9,1380.6,10573142,0.0,0,0,0,1,0.01
ICICIBANK.NS,2026-07-07,1431.6,1433.0,1410.0,1414.7,15664178,0.0,0,0,0,0,-2.41
ICICIBANK.NS,2026-07-06,1412.0,1431.6,1411.6,1426.9,12306949,0.0,0,0,0,0,-0.86
ICICIBANK.NS,2026-07-03,1414.0,1420.0,1405.9,1411.4,12901785,0.0,0,0,0,1,1.1
ICICIBANK.NS,2026-07-02,1381.9,1405.0,1376.8,1400.0,15779429,0.0,0,0,0,1,0.81
ICICIBANK.NS,2026-07-01,1371.4,1385.1,1367.7,1379.8,11948034,0.0,0,0,0,1,1.46
ICICIBANK.NS,2026-06-30,1402.0,1402.0,1366.1,1375.2,18398057,1.0,2,2,0,1,0.33
ICICIBANK.NS,2026-06-29,1390.0,1402.0,1383.2,1387.6,13249405,0.0,0,0,0,0,-0.89
ICICIBANK.NS,2026-06-25,1381.9,1404.0,1380.1,1387.5,17173209,0.0,0,0,0,1,0.01
ICICIBANK.NS,2026-06-24,1340.6,1377.6,1340.6,1373.6,16440708,0.667,3,2,0,1,1.01
ICICIBANK.NS,2026-06-23,1358.0,1369.1,1331.5,1338.3,11884879,0.0,0,0,0,1,2.64
ICICIBANK.NS,2026-06-22,1353.0,1362.7,1348.4,1352.4,4814845,0.0,0,0,0,0,-1.04
ICICIBANK.NS,2026-06-19,1340.5,1352.3,1332.0,1346.5,9057322,0.0,1,0,0,1,0.44
ICICIBANK.NS,2026-06-18,1333.6,1346.9,1331.4,1342.3,13467985,0.0,0,0,0,1,0.31
ICICIBANK.NS,2026-06-17,1342.0,1346.0,1333.4,1336.8,8026424,0.0,0,0,0,1,0.41
ICICIBANK.NS,2026-06-16,1331.9,1337.3,1326.3,1334.3,13069159,0.0,0,0,0,1,0.19
ICICIBANK.NS,2026-06-15,1354.6,1362.7,1325.3,1327.6,16172921,0.0,0,0,0,1,0.5
ICICIBANK.NS,2026-06-12,1330.0,1344.3,1318.7,1340.8,18339846,0.0,0,0,0,0,-0.98
ICICIBANK.NS,2026-06-11,1286.5,1333.0,1286.5,1317.0,35919374,0.0,0,0,0,1,1.81
ICICIBANK.NS,2026-06-10,1271.3,1306.0,1271.3,1293.3,25951584,0.0,1,0,0,1,1.83
ICICIBANK.NS,2026-06-09,1255.0,1279.9,1252.7,1275.0,22368579,0.0,0,0,0,1,1.44
ICICIBANK.NS,2026-06-08,1246.4,1254.0,1243.1,1250.2,10714196,0.0,0,0,0,1,1.98
ICICIBANK.NS,2026-06-05,1257.0,1265.0,1250.0,1262.1,10166393,-1.0,1,0,1,0,-0.94
ICICIBANK.NS,2026-06-04,1232.2,1262.3,1232.2,1251.7,19461560,0.5,2,1,0,1,0.83
ICICIBANK.NS,2026-06-03,1219.9,1248.3,1213.7,1242.0,13934754,0.0,0,0,0,1,0.78
ICICIBANK.NS,2026-06-02,1233.0,1237.7,1220.7,1226.6,17920892,0.0,0,0,0,1,1.26
ICICIBANK.NS,2026-06-01,1257.1,1261.9,1235.9,1239.7,9911975,0.0,0,0,0,0,-1.06
ICICIBANK.NS,2026-05-29,1275.1,1287.8,1247.9,1256.4,31007884,0.0,0,0,0,0,-1.33
ICICIBANK.NS,2026-05-27,1286.0,1293.4,1266.7,1272.7,18366272,0.0,0,0,0,0,-1.28
ICICIBANK.NS,2026-05-26,1290.0,1301.8,1276.2,1279.1,18400405,0.0,0,0,0,0,-0.5
ICICIBANK.NS,2026-05-25,1271.0,1293.5,1270.9,1291.8,13853923,0.0,0,0,0,0,-0.98
ICICIBANK.NS,2026-05-22,1242.0,1270.8,1242.0,1264.3,11601085,0.0,0,0,0,1,2.18
ICICIBANK.NS,2026-05-21,1245.3,1248.3,1234.4,1242.8,14394386,0.0,0,0,0,1,1.73
ICICIBANK.NS,2026-05-20,1230.0,1239.7,1223.3,1237.3,14953103,0.0,0,0,0,1,0.44
ICICIBANK.NS,2026-05-19,1251.1,1256.3,1229.8,1240.8,38929053,0.0,0,0,0,0,-0.28
ICICIBANK.NS,2026-05-18,1235.5,1253.7,1232.0,1251.1,13918850,0.0,0,0,0,0,-0.82
ICICIBANK.NS,2026-05-15,1246.6,1258.0,1242.0,1244.5,11745614,0.0,0,0,0,1,0.53
ICICIBANK.NS,2026-05-14,1239.1,1256.7,1236.0,1246.0,16535600,0.0,0,0,0,0,-0.12
ICICIBANK.NS,2026-05-13,1238.3,1249.2,1227.2,1235.6,19490295,0.0,0,0,0,1,0.84
ICICIBANK.NS,2026-05-12,1256.0,1259.9,1236.3,1240.3,21110708,0.0,0,0,0,0,-0.38
ICICIBANK.NS,2026-05-11,1259.4,1275.7,1252.0,1266.4,18980488,0.0,0,0,0,0,-2.06
ICICIBANK.NS,2026-05-08,1279.6,1279.6,1261.2,1264.8,11137424,0.0,0,0,0,1,0.13
ICICIBANK.NS,2026-05-07,1284.7,1294.0,1273.2,1279.0,25028552,0.0,0,0,0,0,-1.11
ICICIBANK.NS,2026-05-06,1262.0,1282.8,1252.1,1279.5,22909586,0.0,0,0,0,0,-0.04
ICICIBANK.NS,2026-05-05,1264.0,1266.7,1245.5,1251.3,24447935,0.0,0,0,0,1,2.25
ICICIBANK.NS,2026-05-04,1264.3,1282.2,1264.3,1270.8,14597051,0.0,0,0,0,0,-1.53
ICICIBANK.NS,2026-04-30,1261.0,1272.2,1259.0,1263.4,17740110,0.0,0,0,0,1,0.59
ICICIBANK.NS,2026-04-29,1294.7,1296.8,1276.2,1281.0,11716030,0.0,0,0,0,0,-1.37
ICICIBANK.NS,2026-04-28,1314.3,1317.7,1286.7,1292.0,16774778,0.0,0,0,0,0,-0.85
ICICIBANK.NS,2026-04-27,1327.9,1335.9,1310.9,1314.1,15385625,0.0,0,0,0,0,-1.68
ICICIBANK.NS,2026-04-24,1336.3,1348.8,1324.0,1326.2,14056743,0.0,1,0,0,0,-0.91
ICICIBANK.NS,2026-04-23,1348.4,1354.0,1343.5,1348.0,20111792,0.0,0,0,0,0,-1.62
ICICIBANK.NS,2026-04-22,1380.0,1380.1,1365.0,1367.6,13613487,0.0,0,0,0,0,-1.43
ICICIBANK.NS,2026-04-21,1368.0,1393.1,1360.0,1388.4,23312455,1.0,1,1,0,0,-1.5
ICICIBANK.NS,2026-04-20,1364.7,1376.4,1353.0,1356.2,21551520,1.0,1,1,0,1,2.37
ICICIBANK.NS,2026-04-17,1347.0,1352.9,1334.0,1346.8,18151993,0.0,0,0,0,1,0.7
ICICIBANK.NS,2026-04-16,1352.0,1366.9,1340.2,1345.5,24017236,0.0,0,0,0,1,0.1
ICICIBANK.NS,2026-04-15,1358.0,1364.8,1338.0,1348.1,23827473,0.0,0,0,0,0,-0.19
ICICIBANK.NS,2026-04-13,1304.9,1357.0,1296.7,1351.1,30572141,0.0,0,0,0,0,-0.22
ICICIBANK.NS,2026-04-10,1289.0,1324.0,1288.5,1321.9,18174755,0.0,0,0,0,1,2.21
ICICIBANK.NS,2026-04-09,1299.9,1308.0,1275.9,1281.3,22923062,0.0,0,0,0,1,3.17
ICICIBANK.NS,2026-04-08,1310.0,1333.5,1292.4,1309.2,25148651,0.0,0,0,0,0,-2.13
ICICIBANK.NS,2026-04-07,1229.0,1250.4,1216.6,1245.5,25600557,0.0,0,0,0,1,5.11
ICICIBANK.NS,2026-04-06,1213.0,1234.4,1200.5,1231.4,10058414,0.0,0,0,0,1,1.15
ICICIBANK.NS,2026-04-02,1196.0,1222.1,1187.6,1215.8,20851722,0.0,0,0,0,1,1.28
ICICIBANK.NS,2026-04-01,1228.1,1234.0,1210.0,1212.7,25472333,0.0,0,0,0,1,0.26
ICICIBANK.NS,2026-03-30,1216.5,1222.6,1200.4,1205.9,23952775,0.0,0,0,0,1,0.56
ICICIBANK.NS,2026-03-27,1256.0,1260.9,1230.1,1233.8,23630905,0.0,0,0,0,0,-2.26
ICICIBANK.NS,2026-03-25,1258.9,1272.9,1254.4,1259.7,17290030,0.0,0,0,0,0,-2.06
ICICIBANK.NS,2026-03-24,1237.1,1253.9,1223.7,1251.2,20617782,0.0,0,0,0,1,0.68
ICICIBANK.NS,2026-03-23,1226.6,1234.9,1218.1,1222.7,17049534,0.0,0,0,0,1,2.33
ICICIBANK.NS,2026-03-20,1258.4,1274.0,1241.7,1245.4,16421006,0.0,0,0,0,0,-1.82
ICICIBANK.NS,2026-03-19,1267.6,1285.9,1243.7,1250.1,14422899,0.0,0,0,0,0,-0.38
ICICIBANK.NS,2026-03-18,1286.0,1297.1,1270.8,1289.3,12961135,0.0,2,0,0,0,-3.04
ICICIBANK.NS,2026-03-17,1278.9,1294.4,1273.0,1288.7,22303102,0.0,0,0,0,1,0.05
ICICIBANK.NS,2026-03-16,1255.0,1276.8,1240.1,1272.9,22740688,0.0,0,0,0,1,1.24
ICICIBANK.NS,2026-03-13,1251.9,1262.3,1248.7,1254.8,17344394,0.0,0,0,0,1,1.44
ICICIBANK.NS,2026-03-12,1275.7,1280.5,1258.3,1266.5,19676187,0.0,0,0,0,0,-0.92
ICICIBANK.NS,2026-03-11,1300.0,1306.5,1290.9,1294.6,13224259,0.0,0,0,0,0,-2.17
ICICIBANK.NS,2026-03-10,1287.6,1315.0,1285.6,1311.9,19136143,0.0,0,0,0,0,-1.32
ICICIBANK.NS,2026-03-09,1272.7,1282.7,1251.1,1278.4,16116652,0.0,0,0,0,1,2.62
ICICIBANK.NS,2026-03-06,1339.0,1357.6,1310.4,1313.4,22778852,0.0,0,0,0,0,-2.66
ICICIBANK.NS,2026-03-05,1368.9,1370.8,1347.6,1357.6,17590491,0.0,0,0,0,0,-3.26
ICICIBANK.NS,2026-03-04,1326.0,1376.0,1326.0,1365.4,20009132,0.0,0,0,0,0,-0.57
ICICIBANK.NS,2026-03-02,1355.0,1379.2,1355.0,1374.0,16928683,0.0,0,0,0,0,-0.63
ICICIBANK.NS,2026-02-27,1400.0,1402.2,1376.7,1378.9,15096898,0.0,0,0,0,0,-0.36
ICICIBANK.NS,2026-02-26,1405.1,1410.0,1392.1,1404.9,27288792,0.0,0,0,0,0,-1.85
ICICIBANK.NS,2026-02-25,1391.8,1407.4,1388.2,1400.5,16297015,0.0,0,0,0,1,0.31
ICICIBANK.NS,2026-02-24,1400.9,1400.9,1382.3,1384.8,18274784,0.0,0,0,0,1,1.13
ICICIBANK.NS,2026-02-23,1400.0,1408.3,1395.3,1399.4,10728445,0.0,0,0,0,0,-1.04
ICICIBANK.NS,2026-02-20,1388.5,1403.7,1384.0,1394.5,10337877,0.0,0,0,0,1,0.35
ICICIBANK.NS,2026-02-19,1408.5,1412.3,1384.8,1388.8,14323091,0.0,0,0,0,1,0.41
ICICIBANK.NS,2026-02-18,1410.1,1412.3,1398.9,1408.2,4758071,0.0,0,0,0,0,-1.38
ICICIBANK.NS,2026-02-17,1406.2,1413.6,1393.6,1407.5,11756187,0.0,0,0,0,1,0.05
ICICIBANK.NS,2026-02-16,1404.0,1414.0,1400.5,1411.6,5000042,0.0,0,0,0,0,-0.29
ICICIBANK.NS,2026-02-13,1425.3,1434.4,1410.7,1414.6,12228083,0.0,0,0,0,0,-0.21
ICICIBANK.NS,2026-02-12,1406.1,1433.0,1405.3,1430.0,19646265,0.0,0,0,0,0,-1.08
ICICIBANK.NS,2026-02-11,1407.4,1413.0,1400.4,1406.1,8551341,0.0,0,0,0,1,1.7
ICICIBANK.NS,2026-02-10,1401.0,1409.5,1395.5,1406.5,16497628,0.0,0,0,0,0,-0.03
ICICIBANK.NS,2026-02-09,1413.5,1414.0,1388.8,1396.3,7889742,0.0,0,0,0,1,0.73
ICICIBANK.NS,2026-02-06,1396.7,1410.5,1394.7,1406.1,10851190,0.0,0,0,0,0,-0.7
ICICIBANK.NS,2026-02-05,1414.0,1414.0,1393.2,1396.5,8982761,0.0,0,0,0,1,0.69
ICICIBANK.NS,2026-02-04,1387.0,1414.0,1386.9,1408.4,11080683,0.0,0,0,0,0,-0.84
ICICIBANK.NS,2026-02-03,1412.0,1417.0,1373.4,1389.7,24896698,0.0,0,0,0,1,1.35
ICICIBANK.NS,2026-02-02,1329.9,1354.4,1329.1,1352.8,12800245,0.0,0,0,0,1,2.73
ICICIBANK.NS,2026-01-30,1368.2,1381.9,1353.2,1355.0,24013717,0.0,0,0,0,0,-0.16
ICICIBANK.NS,2026-01-29,1359.0,1387.7,1354.4,1383.6,23118234,0.0,0,0,0,0,-2.07
ICICIBANK.NS,2026-01-28,1362.6,1380.4,1362.6,1367.7,13242696,0.0,0,0,0,1,1.16
ICICIBANK.NS,2026-01-27,1340.0,1369.1,1328.6,1361.4,25263634,0.0,0,0,0,1,0.46
ICICIBANK.NS,2026-01-23,1340.5,1355.2,1335.7,1343.4,14056524,0.0,0,0,0,1,1.34
ICICIBANK.NS,2026-01-22,1355.1,1358.0,1338.0,1345.5,17179765,0.0,0,0,0,0,-0.16
ICICIBANK.NS,2026-01-21,1367.5,1371.5,1339.5,1349.0,21766068,0.0,0,0,0,0,-0.26
ICICIBANK.NS,2026-01-20,1374.7,1387.8,1371.5,1375.8,15012785,0.0,0,0,0,0,-1.95
ICICIBANK.NS,2026-01-19,1399.9,1400.0,1360.0,1380.6,23302883,0.0,0,0,0,0,-0.35
ICICIBANK.NS,2026-01-16,1417.9,1429.0,1400.2,1410.8,12530886,0.0,0,0,0,0,-2.14
ICICIBANK.NS,2026-01-14,1425.6,1443.9,1414.9,1418.4,13832255,0.0,0,0,0,0,-0.54
ICICIBANK.NS,2026-01-13,1420.0,1441.8,1411.1,1437.0,14295581,0.0,0,0,0,0,-1.29
ICICIBANK.NS,2026-01-12,1399.9,1424.3,1391.7,1413.1,10923811,0.0,0,0,0,1,1.69
ICICIBANK.NS,2026-01-09,1427.1,1429.5,1401.5,1404.3,12555636,0.0,0,0,0,1,0.63
ICICIBANK.NS,2026-01-08,1429.0,1442.2,1423.3,1435.0,14861699,0.0,0,0,0,0,-2.14
ICICIBANK.NS,2026-01-07,1408.0,1429.9,1404.2,1427.7,15813795,0.0,0,0,0,1,0.51
ICICIBANK.NS,2026-01-06,1372.0,1413.6,1366.0,1411.2,17260416,0.0,0,0,0,1,1.17
ICICIBANK.NS,2026-01-05,1354.2,1375.5,1352.6,1371.5,6920565,0.0,0,0,0,1,2.89
ICICIBANK.NS,2026-01-02,1338.0,1356.9,1336.3,1355.4,8226205,0.0,0,0,0,1,1.19
ICICIBANK.NS,2026-01-01,1343.9,1348.4,1336.0,1338.0,4179311,0.0,0,0,0,1,1.3
ICICIBANK.NS,2025-12-31,1342.8,1350.0,1339.5,1342.9,6150634,0.0,0,0,0,0,-0.36
ICICIBANK.NS,2025-12-30,1343.3,1347.1,1338.1,1342.5,18621277,0.0,0,0,0,1,0.03
ICICIBANK.NS,2025-12-29,1352.1,1355.7,1341.5,1343.3,6057201,0.0,0,0,0,0,-0.06
ICICIBANK.NS,2025-12-26,1356.5,1362.0,1348.5,1350.4,2812144,0.0,0,0,0,0,-0.53
ICICIBANK.NS,2025-12-24,1363.8,1368.2,1357.6,1359.8,8955140,0.0,0,0,0,0,-0.69
ICICIBANK.NS,2025-12-23,1361.1,1365.0,1357.0,1363.0,9105467,0.0,0,0,0,0,-0.23
ICICIBANK.NS,2025-12-22,1358.0,1371.3,1354.8,1368.5,9375294,0.0,0,0,0,0,-0.4
ICICIBANK.NS,2025-12-19,1354.0,1360.4,1350.8,1354.1,14318512,0.0,0,0,0,1,1.06
ICICIBANK.NS,2025-12-18,1346.3,1369.5,1345.5,1356.8,7314573,0.0,0,0,0,0,-0.2
ICICIBANK.NS,2025-12-17,1365.0,1365.0,1343.1,1352.4,9440391,0.0,0,0,0,1,0.33
ICICIBANK.NS,2025-12-16,1364.0,1368.7,1355.5,1366.0,12359741,0.0,0,0,0,0,-1.0
ICICIBANK.NS,2025-12-15,1356.1,1370.0,1356.1,1365.2,5342530,0.0,0,0,0,1,0.06
ICICIBANK.NS,2025-12-12,1368.0,1370.7,1363.3,1366.0,3890885,0.0,0,0,0,0,-0.06
ICICIBANK.NS,2025-12-11,1363.7,1366.6,1352.8,1360.0,6734750,0.0,0,0,0,1,0.44
ICICIBANK.NS,2025-12-10,1377.9,1379.4,1357.9,1363.6,8725381,0.0,0,0,0,0,-0.26
ICICIBANK.NS,2025-12-09,1379.9,1384.3,1373.4,1375.2,10492030,0.0,0,0,0,0,-0.84
ICICIBANK.NS,2025-12-08,1387.0,1394.9,1383.3,1389.6,7826227,0.0,0,0,0,0,-1.04
ICICIBANK.NS,2025-12-05,1381.0,1395.3,1381.0,1392.5,4942638,0.0,0,0,0,0,-0.21
ICICIBANK.NS,2025-12-04,1387.0,1391.6,1379.9,1386.7,7373909,0.0,0,0,0,1,0.42
ICICIBANK.NS,2025-12-03,1367.0,1394.2,1367.0,1391.5,7955933,0.0,0,0,0,0,-0.34
ICICIBANK.NS,2025-12-02,1381.8,1381.8,1370.6,1373.0,12126396,0.0,0,0,0,1,1.35
ICICIBANK.NS,2025-12-01,1394.0,1400.0,1385.4,1390.1,8867593,0.0,0,0,0,0,-1.23
ICICIBANK.NS,2025-11-28,1392.0,1398.5,1385.6,1388.8,7683986,0.0,0,0,0,1,0.09
ICICIBANK.NS,2025-11-27,1379.0,1394.0,1375.7,1392.2,15158741,0.0,0,0,0,0,-0.24
ICICIBANK.NS,2025-11-26,1360.0,1377.0,1359.9,1375.0,9659004,0.0,0,0,0,1,1.25
ICICIBANK.NS,2025-11-25,1365.0,1376.9,1354.3,1357.8,12235000,0.0,0,0,0,1,1.27
ICICIBANK.NS,2025-11-24,1373.3,1377.0,1361.5,1368.4,15896003,0.0,0,0,0,0,-0.77
ICICIBANK.NS,2025-11-21,1373.0,1376.0,1364.6,1369.5,11483595,0.0,0,0,0,0,-0.08
ICICIBANK.NS,2025-11-20,1380.1,1388.3,1375.4,1383.0,10131863,0.0,0,0,0,0,-0.98
ICICIBANK.NS,2025-11-19,1373.5,1384.0,1371.6,1383.1,10393918,0.0,0,0,0,0,-0.01
ICICIBANK.NS,2025-11-18,1380.2,1382.8,1369.1,1373.4,9529560,0.0,0,0,0,1,0.71
ICICIBANK.NS,2025-11-17,1375.1,1382.5,1373.6,1379.0,7660717,0.0,0,0,0,0,-0.41
ICICIBANK.NS,2025-11-14,1374.0,1381.2,1363.2,1373.0,9694498,0.0,0,0,0,1,0.44
ICICIBANK.NS,2025-11-13,1358.9,1390.4,1358.5,1385.9,18296626,0.0,0,0,0,0,-0.93
ICICIBANK.NS,2025-11-12,1370.0,1370.0,1355.4,1358.9,9736761,0.0,0,0,0,1,1.99
ICICIBANK.NS,2025-11-11,1349.0,1360.4,1346.2,1358.3,8305184,0.0,0,0,0,1,0.04
ICICIBANK.NS,2025-11-10,1342.9,1349.6,1341.0,1348.0,8542340,0.0,0,0,0,1,0.76
ICICIBANK.NS,2025-11-07,1320.4,1344.3,1318.6,1343.0,7719245,0.0,0,0,0,1,0.37
ICICIBANK.NS,2025-11-06,1330.0,1342.2,1317.4,1320.4,24221853,0.0,0,0,0,1,1.71
ICICIBANK.NS,2025-11-04,1342.6,1349.8,1333.2,1336.9,15211183,0.0,0,0,0,0,-1.23
ICICIBANK.NS,2025-11-03,1340.5,1351.6,1337.9,1346.4,11071450,0.0,0,0,0,0,-0.71
ICICIBANK.NS,2025-10-31,1357.0,1362.0,1343.3,1345.3,15926798,0.0,0,0,0,1,0.08
ICICIBANK.NS,2025-10-30,1362.4,1370.2,1361.3,1362.4,9324401,0.0,0,0,0,0,-1.26
ICICIBANK.NS,2025-10-29,1364.6,1371.7,1358.4,1370.4,16129382,0.0,0,0,0,0,-0.58
ICICIBANK.NS,2025-10-28,1373.0,1375.8,1356.2,1363.1,26477914,0.0,0,0,0,1,0.54
ICICIBANK.NS,2025-10-27,1382.1,1386.8,1374.0,1377.6,11499836,0.0,0,0,0,0,-1.05
ICICIBANK.NS,2025-10-24,1368.1,1381.6,1368.1,1377.7,10570263,0.0,0,0,0,0,-0.01
ICICIBANK.NS,2025-10-23,1385.0,1389.8,1360.1,1363.7,21124942,0.0,0,0,0,1,1.03
ICICIBANK.NS,2025-10-21,1384.5,1387.6,1375.9,1382.0,3415560,0.0,0,0,0,0,-1.32
ICICIBANK.NS,2025-10-20,1442.0,1445.0,1389.2,1390.3,23330227,0.0,0,0,0,0,-0.6
ICICIBANK.NS,2025-10-17,1412.0,1439.6,1410.9,1436.6,17037215,0.0,0,0,0,0,-3.22
ICICIBANK.NS,2025-10-16,1401.0,1418.9,1399.4,1417.3,12185032,0.0,0,0,0,1,1.36
ICICIBANK.NS,2025-10-15,1386.5,1400.4,1385.5,1398.4,8988550,0.0,0,0,0,1,1.35
ICICIBANK.NS,2025-10-14,1389.0,1389.0,1375.1,1384.1,10610855,0.0,0,0,0,1,1.03
ICICIBANK.NS,2025-10-13,1373.1,1386.4,1373.1,1379.4,8923018,0.0,0,0,0,1,0.34
ICICIBANK.NS,2025-10-10,1370.3,1385.0,1370.3,1380.3,7673816,0.0,0,0,0,0,-0.07
ICICIBANK.NS,2025-10-09,1369.8,1378.7,1365.1,1376.2,7909575,0.0,0,0,0,1,0.3
ICICIBANK.NS,2025-10-08,1372.3,1381.6,1364.3,1370.3,8100832,0.0,0,0,0,1,0.43
ICICIBANK.NS,2025-10-07,1363.6,1383.1,1363.6,1375.9,16126464,0.0,0,0,0,0,-0.41
ICICIBANK.NS,2025-10-06,1371.0,1372.6,1359.1,1363.4,14314283,0.0,0,0,0,1,0.92
ICICIBANK.NS,2025-10-03,1371.9,1371.9,1361.3,1365.2,12163695,0.0,0,0,0,0,-0.13
ICICIBANK.NS,2025-10-01,1348.0,1379.4,1347.1,1372.0,20952632,0.0,0,0,0,0,-0.5
ICICIBANK.NS,2025-09-30,1353.7,1356.6,1342.6,1348.0,20166871,0.0,0,0,0,1,1.78
ICICIBANK.NS,2025-09-29,1359.6,1366.5,1346.2,1348.1,20563163,0.0,0,0,0,0,-0.01
ICICIBANK.NS,2025-09-26,1368.0,1372.7,1357.0,1359.6,18342280,0.0,0,0,0,0,-0.85
ICICIBANK.NS,2025-09-25,1377.0,1391.5,1371.8,1375.8,21613389,0.0,0,0,0,0,-1.18
ICICIBANK.NS,2025-09-24,1386.4,1390.9,1376.5,1382.7,9735678,0.0,0,0,0,0,-0.5
ICICIBANK.NS,2025-09-23,1391.0,1403.3,1391.0,1394.3,12827524,0.0,0,0,0,0,-0.83
ICICIBANK.NS,2025-09-22,1403.9,1409.9,1397.2,1401.5,8847948,0.0,0,0,0,0,-0.51
ICICIBANK.NS,2025-09-19,1416.1,1418.0,1400.2,1402.2,13457344,0.0,0,0,0,0,-0.05
ICICIBANK.NS,2025-09-18,1431.1,1432.8,1415.3,1421.7,8130537,0.0,0,0,0,0,-1.37
ICICIBANK.NS,2025-09-17,1420.1,1426.1,1416.4,1419.2,7484283,0.0,0,0,0,1,0.18
INFY.NS,2026-09-18,1061.9,1061.9,1038.0,1051.4,22124953,0.0,1,0,0,,
INFY.NS,2026-09-17,1054.9,1063.6,1048.6,1058.6,5468439,-0.167,6,0,1,0,-0.68
INFY.NS,2026-09-16,1082.5,1085.1,1053.5,1060.0,6230590,0.0,6,0,0,0,-0.13
INFY.NS,2026-09-15,1085.0,1097.7,1071.7,1077.0,14816117,0.438,19,10,1,0,-1.58
INFY.NS,2026-09-11,1032.0,1047.3,1029.7,1037.7,6168088,0.0,2,0,0,1,3.79
INFY.NS,2026-09-10,1039.6,1046.6,1027.3,1036.5,8998529,0.0,3,0,0,1,0.12
INFY.NS,2026-09-09,1059.0,1059.0,1026.5,1035.0,13530457,-0.5,6,0,3,1,0.14
INFY.NS,2026-09-08,1095.0,1095.0,1078.9,1082.0,6269037,0.0,2,0,0,0,-4.34
INFY.NS,2026-09-07,1109.5,1109.9,1085.0,1087.5,7668346,-1.0,2,0,2,0,-0.51
INFY.NS,2026-09-04,1133.0,1146.7,1125.4,1130.0,5881388,0.0,0,0,0,0,-3.76
INFY.NS,2026-09-03,1144.0,1144.0,1122.5,1130.3,5786250,0.0,0,0,0,0,-0.03
INFY.NS,2026-09-02,1137.7,1147.8,1118.6,1140.0,8564358,0.0,0,0,0,0,-0.85
INFY.NS,2026-09-01,1128.0,1156.0,1125.6,1156.0,13516123,0.0,2,0,0,0,-1.38
INFY.NS,2026-08-31,1138.6,1143.9,1111.1,1133.8,8808120,-0.5,2,0,1,1,1.96
INFY.NS,2026-08-28,1123.6,1145.0,1123.3,1144.0,9621969,1.0,3,3,0,0,-0.89
INFY.NS,2026-08-27,1120.0,1130.7,1107.2,1110.8,6933998,0.5,2,1,0,1,2.99
INFY.NS,2026-08-26,1142.0,1142.0,1118.3,1120.0,6323984,0.0,0,0,0,0,-0.82
INFY.NS,2026-08-25,1132.0,1144.0,1119.9,1144.0,8121237,1.0,1,1,0,0,-2.1
INFY.NS,2026-08-24,1126.5,1144.5,1122.0,1130.0,8565354,0.0,1,0,0,1,1.24
INFY.NS,2026-08-21,1133.0,1133.5,1118.0,1121.0,6094967,-0.8,5,0,4,1,0.8
INFY.NS,2026-08-20,1143.0,1144.7,1125.7,1130.0,8559841,-1.0,1,0,1,0,-0.8
INFY.NS,2026-08-19,1125.6,1134.7,1113.8,1119.8,8408573,-1.0,1,0,1,1,0.91
INFY.NS,2026-08-18,1124.5,1131.9,1112.5,1115.0,8851110,-1.0,3,0,3,1,0.43
INFY.NS,2026-08-17,1163.9,1166.5,1129.7,1139.9,5817153,-0.667,3,0,2,0,-2.18
INFY.NS,2026-08-14,1170.4,1174.1,1158.9,1169.2,5844763,0.0,0,0,0,0,-2.51
INFY.NS,2026-08-13,1170.0,1175.0,1157.0,1175.0,6234215,0.0,2,0,0,0,-0.49
INFY.NS,2026-08-12,1185.6,1190.4,1163.3,1176.1,7529777,-1.0,1,0,1,0,-0.09
INFY.NS,2026-08-11,1188.0,1193.5,1182.0,1190.7,10160091,0.0,0,0,0,0,-1.23
INFY.NS,2026-08-10,1178.1,1195.0,1175.2,1183.0,9377001,0.0,0,0,0,1,0.65
INFY.NS,2026-08-07,1160.0,1183.0,1155.6,1175.1,7581410,1.0,1,1,0,1,0.67
INFY.NS,2026-08-06,1174.1,1185.8,1163.0,1165.0,8521064,0.0,0,0,0,1,0.87
INFY.NS,2026-08-05,1174.7,1177.5,1162.3,1174.0,9964155,1.0,2,2,0,0,-0.77
INFY.NS,2026-08-04,1168.0,1175.7,1153.3,1167.5,9243589,0.0,0,0,0,1,0.56
INFY.NS,2026-08-03,1145.1,1180.0,1138.1,1180.0,8582270,0.0,0,0,0,0,-1.06
INFY.NS,2026-07-31,1118.9,1139.3,1107.2,1130.1,14367075,-1.0,1,0,1,1,4.42
INFY.NS,2026-07-30,1168.0,1187.7,1151.3,1155.1,22630218,0.0,0,0,0,0,-2.16
INFY.NS,2026-07-29,1147.0,1164.5,1128.4,1155.6,34400369,0.667,3,2,0,0,-0.04
INFY.NS,2026-07-28,1097.0,1118.5,1097.0,1105.7,28100895,0.0,0,0,0,1,4.51
INFY.NS,2026-07-27,1065.0,1082.0,1057.4,1079.2,15956349,0.61,6,5,0,1,2.46
INFY.NS,2026-07-24,1028.0,1043.4,1013.9,1040.9,29036900,-0.872,13,0,12,1,3.68
INFY.NS,2026-07-23,1046.9,1058.5,1032.0,1047.4,13794578,-0.667,3,0,2,0,-0.62
INFY.NS,2026-07-22,1064.0,1069.3,1046.2,1052.1,7517203,-1.0,1,0,1,0,-0.45
INFY.NS,2026-07-21,1080.0,1094.5,1067.2,1073.5,9485229,-0.33,1,0,1,0,-1.99
INFY.NS,2026-07-20,1102.0,1103.8,1083.2,1087.1,6372645,0.0,0,0,0,0,-1.25
INFY.NS,2026-07-17,1105.0,1116.8,1092.0,1096.5,12547728,0.0,1,0,0,0,-0.86
INFY.NS,2026-07-16,1082.5,1097.3,1077.9,1082.4,8592146,-1.0,1,0,1,1,1.3
INFY.NS,2026-07-15,1079.0,1088.1,1073.0,1076.3,8501933,0.0,0,0,0,1,0.57
INFY.NS,2026-07-14,1107.8,1113.5,1090.0,1092.9,14819413,0.0,0,0,0,0,-1.52
INFY.NS,2026-07-13,1057.1,1114.9,1057.1,1102.6,20994760,0.0,5,0,0,0,-0.88
INFY.NS,2026-07-10,1075.0,1091.3,1064.7,1068.0,9747266,0.0,1,0,0,1,3.24
INFY.NS,2026-07-09,1062.7,1062.7,1040.4,1050.8,9003333,0.0,1,0,0,1,1.64
INFY.NS,2026-07-08,1071.9,1079.7,1064.4,1069.3,13022221,0.0,0,0,0,0,-1.73
INFY.NS,2026-07-07,1040.6,1087.5,1040.6,1071.8,18866296,0.0,1,0,0,0,-0.23
INFY.NS,2026-07-06,1050.1,1053.0,1033.0,1042.2,5559747,0.0,0,0,0,1,2.84
INFY.NS,2026-07-03,1063.0,1068.7,1042.0,1047.2,11653534,0.0,0,0,0,0,-0.48
INFY.NS,2026-07-02,1006.4,1045.0,1006.0,1040.9,18741111,0.335,2,1,1,1,0.61
INFY.NS,2026-07-01,1006.0,1014.0,982.4,985.3,13037982,-0.333,3,0,1,1,5.64
INFY.NS,2026-06-30,1030.0,1030.4,996.0,1000.4,24128263,0.0,0,0,0,0,-1.51
INFY.NS,2026-06-29,1037.1,1046.6,1029.1,1036.7,15080892,0.0,0,0,0,0,-3.5
INFY.NS,2026-06-25,1065.0,1068.0,1039.1,1041.2,15866779,0.0,0,0,0,0,-0.43
INFY.NS,2026-06-24,1040.9,1065.5,1037.7,1056.6,12346266,0.0,1,0,0,0,-1.46
INFY.NS,2026-06-23,1053.8,1055.3,1026.0,1029.3,19323064,0.0,1,0,0,1,2.65
INFY.NS,2026-06-22,1055.0,1080.3,1055.0,1065.4,10178505,0.0,0,0,0,0,-3.39
INFY.NS,2026-06-19,1062.3,1066.0,1030.0,1051.4,45665442,-0.833,6,0,5,1,1.33
INFY.NS,2026-06-18,1142.9,1142.9,1125.3,1127.5,16781447,0.0,1,0,0,0,-6.75
INFY.NS,2026-06-17,1149.0,1162.5,1148.0,1157.7,5995119,0.0,0,0,0,0,-2.61
INFY.NS,2026-06-16,1136.9,1153.8,1123.2,1143.6,10456090,0.0,0,0,0,1,1.23
INFY.NS,2026-06-15,1130.0,1151.0,1123.0,1134.9,7856192,0.0,0,0,0,1,0.77
INFY.NS,2026-06-12,1120.0,1123.3,1111.5,1116.4,8075333,0.0,0,0,0,1,1.66
INFY.NS,2026-06-11,1129.7,1133.7,1109.0,1114.6,9372176,-0.333,3,1,2,1,0.16
INFY.NS,2026-06-10,1160.1,1171.4,1143.3,1145.3,8887626,0.333,3,1,0,0,-2.68
INFY.NS,2026-06-09,1193.6,1193.6,1167.3,1180.3,10984054,0.0,1,0,0,0,-2.97
INFY.NS,2026-06-08,1177.5,1200.7,1176.5,1187.6,8631711,0.0,0,0,0,0,-0.61
INFY.NS,2026-06-05,1220.0,1223.8,1194.3,1197.5,8692290,0.0,0,0,0,0,-0.83
INFY.NS,2026-06-04,1208.0,1215.2,1196.2,1201.3,12755957,0.0,0,0,0,0,-0.32
INFY.NS,2026-06-03,1242.1,1249.9,1216.0,1222.6,18534303,0.0,0,0,0,0,-1.74
INFY.NS,2026-06-02,1232.5,1278.9,1232.5,1270.8,36032600,0.667,3,2,0,0,-3.79
INFY.NS,2026-06-01,1175.0,1217.0,1173.7,1202.5,19439331,0.0,0,0,0,1,5.68
INFY.NS,2026-05-29,1182.0,1210.0,1153.6,1160.9,69085430,0.0,0,0,0,1,3.58
INFY.NS,2026-05-27,1161.0,1167.3,1155.0,1159.9,6371871,0.0,1,0,0,1,0.09
INFY.NS,2026-05-26,1166.3,1180.7,1162.9,1167.7,8005767,0.0,0,0,0,0,-0.67
INFY.NS,2026-05-25,1183.0,1185.0,1166.1,1168.5,5856136,0.0,0,0,0,0,-0.07
INFY.NS,2026-05-22,1182.5,1191.8,1172.5,1174.5,8803066,0.0,0,0,0,0,-0.51
INFY.NS,2026-05-21,1196.1,1201.8,1177.0,1181.2,10021033,1.0,1,1,0,0,-0.57
INFY.NS,2026-05-20,1187.0,1206.9,1184.9,1193.7,15121010,0.0,0,0,0,0,-1.05
INFY.NS,2026-05-19,1162.0,1198.4,1162.0,1196.9,32175705,0.0,0,0,0,0,-0.27
INFY.NS,2026-05-18,1119.0,1146.1,1118.0,1142.5,12096377,0.0,0,0,0,1,4.76
INFY.NS,2026-05-15,1102.0,1133.2,1101.6,1119.0,17482450,0.0,0,0,0,1,2.1
INFY.NS,2026-05-14,1119.8,1121.9,1089.0,1095.0,16914842,-1.0,1,0,1,1,2.19
INFY.NS,2026-05-13,1136.6,1142.6,1121.0,1123.1,6664111,0.0,0,0,0,0,-2.5
INFY.NS,2026-05-12,1162.0,1162.0,1123.0,1140.3,16891948,0.0,0,0,0,0,-1.51
INFY.NS,2026-05-11,1176.0,1187.0,1172.1,1177.0,7336288,0.0,0,0,0,0,-3.12
INFY.NS,2026-05-08,1161.0,1183.5,1158.8,1179.2,7582770,0.0,0,0,0,0,-0.19
INFY.NS,2026-05-07,1173.0,1175.4,1159.2,1162.7,12013987,0.0,0,0,0,1,1.42
INFY.NS,2026-05-06,1187.0,1191.5,1164.1,1167.2,9856963,0.0,0,0,0,0,-0.39
INFY.NS,2026-05-05,1169.5,1185.2,1160.1,1178.1,8164108,0.0,0,0,0,0,-0.93
INFY.NS,2026-05-04,1195.0,1195.0,1165.2,1168.4,7735811,0.0,0,0,0,1,0.83
INFY.NS,2026-04-30,1167.5,1189.8,1159.6,1181.8,12205669,0.0,0,0,0,0,-1.13
INFY.NS,2026-04-29,1158.5,1178.2,1156.8,1167.5,8303109,0.0,0,0,0,1,1.22
INFY.NS,2026-04-28,1162.7,1169.4,1149.8,1152.1,12720276,0.0,0,0,0,1,1.34
INFY.NS,2026-04-27,1154.6,1179.9,1154.5,1170.3,19579883,0.0,0,0,0,0,-1.56
INFY.NS,2026-04-24,1200.0,1223.9,1152.2,1154.6,42078914,-0.861,12,0,11,1,1.36
INFY.NS,2026-04-23,1254.0,1265.7,1226.0,1240.6,14792854,-0.667,3,0,2,0,-6.93
INFY.NS,2026-04-22,1295.0,1297.7,1255.9,1268.6,20088378,0.0,0,0,0,0,-2.21
INFY.NS,2026-04-21,1310.0,1325.0,1299.3,1313.2,10057440,0.0,0,0,0,0,-3.4
INFY.NS,2026-04-20,1320.0,1324.9,1308.1,1312.6,7172300,0.0,0,0,0,1,0.05
INFY.NS,2026-04-17,1313.0,1328.3,1306.1,1318.7,12064048,0.0,0,0,0,0,-0.46
INFY.NS,2026-04-16,1322.1,1331.0,1309.0,1319.2,18527029,0.0,0,0,0,0,-0.04
INFY.NS,2026-04-15,1306.3,1322.5,1300.5,1305.3,12098912,0.0,0,0,0,1,1.06
INFY.NS,2026-04-13,1272.0,1289.0,1265.7,1276.8,10366082,0.0,0,0,0,1,2.23
INFY.NS,2026-04-10,1318.0,1318.9,1283.3,1292.5,19233369,0.0,0,0,0,0,-1.21
INFY.NS,2026-04-09,1329.9,1337.5,1314.0,1331.6,14894607,0.0,0,0,0,0,-2.94
INFY.NS,2026-04-08,1349.0,1376.9,1331.0,1346.2,16030133,0.0,0,0,0,0,-1.08
INFY.NS,2026-04-07,1302.0,1345.1,1293.5,1339.4,15355792,0.0,0,0,0,1,0.51
INFY.NS,2026-04-06,1301.4,1320.0,1299.0,1306.2,10208682,0.0,0,0,0,1,2.54
INFY.NS,2026-04-02,1260.0,1305.4,1259.8,1300.8,12873492,0.0,0,0,0,1,0.42
INFY.NS,2026-04-01,1290.0,1303.0,1269.5,1275.7,8137156,0.0,0,0,0,1,1.97
INFY.NS,2026-03-30,1250.0,1265.5,1243.0,1250.6,14108486,0.0,0,0,0,1,2.01
INFY.NS,2026-03-27,1285.2,1294.8,1263.2,1269.7,13092541,0.0,0,0,0,0,-1.5
INFY.NS,2026-03-25,1270.0,1290.6,1257.1,1279.1,10824030,0.0,0,0,0,0,-0.73
INFY.NS,2026-03-24,1269.0,1297.0,1251.0,1278.3,13613495,0.0,0,0,0,1,0.06
INFY.NS,2026-03-23,1238.2,1261.1,1227.4,1256.8,12420293,0.0,0,0,0,1,1.71
INFY.NS,2026-03-20,1242.0,1264.8,1229.2,1255.9,27299975,0.0,0,0,0,1,0.07
INFY.NS,2026-03-19,1244.2,1255.0,1215.1,1220.8,9156461,0.0,0,0,0,1,2.88
INFY.NS,2026-03-18,1238.0,1290.8,1234.9,1267.1,12365381,0.0,0,0,0,0,-3.65
INFY.NS,2026-03-17,1245.0,1245.0,1215.1,1232.9,11223276,0.0,0,0,0,1,2.77
INFY.NS,2026-03-16,1240.2,1254.3,1224.2,1249.8,12314450,0.0,0,0,0,0,-1.35
INFY.NS,2026-03-13,1251.0,1269.6,1242.6,1248.3,7366098,0.0,0,0,0,1,0.12
INFY.NS,2026-03-12,1272.5,1278.6,1258.0,1265.8,7599940,0.0,0,0,0,0,-1.38
INFY.NS,2026-03-11,1288.0,1299.5,1271.3,1276.3,7868891,0.0,0,0,0,0,-0.82
INFY.NS,2026-03-10,1320.0,1321.0,1284.1,1295.6,9600171,0.0,0,0,0,0,-1.49
INFY.NS,2026-03-09,1290.0,1318.0,1282.5,1315.0,10068514,0.0,0,0,0,0,-1.48
INFY.NS,2026-03-06,1303.0,1327.2,1303.0,1308.4,8724291,0.0,0,0,0,1,0.5
INFY.NS,2026-03-05,1320.0,1320.0,1290.1,1305.8,10362147,0.0,0,0,0,1,0.2
INFY.NS,2026-03-04,1292.0,1317.0,1292.0,1307.4,15154950,0.0,0,0,0,0,-0.12
INFY.NS,2026-03-02,1291.0,1298.8,1273.0,1288.9,9700361,0.0,0,0,0,1,1.44
INFY.NS,2026-02-27,1326.3,1335.0,1294.2,1300.1,23141724,0.0,0,0,0,0,-0.86
INFY.NS,2026-02-26,1305.5,1314.0,1286.3,1289.1,11493914,0.0,0,0,0,1,0.85
INFY.NS,2026-02-25,1286.2,1323.6,1286.2,1290.1,16669618,0.0,0,0,0,0,-0.08
INFY.NS,2026-02-24,1301.0,1303.6,1264.1,1275.5,27839061,0.0,0,0,0,1,1.14
INFY.NS,2026-02-23,1352.0,1352.0,1318.0,1327.5,12887826,0.0,0,0,0,0,-3.92
INFY.NS,2026-02-20,1359.2,1365.0,1338.2,1353.2,12633552,0.0,0,0,0,0,-1.9
INFY.NS,2026-02-19,1385.0,1402.0,1363.2,1370.5,14574228,0.0,0,0,0,0,-1.26
INFY.NS,2026-02-18,1390.9,1401.0,1345.3,1373.7,20241373,0.0,0,0,0,0,-0.23
INFY.NS,2026-02-17,1370.0,1431.0,1367.0,1391.2,25347684,0.0,0,0,0,0,-1.26
INFY.NS,2026-02-16,1373.7,1376.0,1338.3,1365.6,14621891,0.0,0,0,0,1,1.87
INFY.NS,2026-02-13,1293.9,1377.3,1281.5,1369.1,45785709,0.0,0,0,0,0,-0.26
INFY.NS,2026-02-12,1428.9,1435.7,1380.5,1386.0,26048896,0.0,0,0,0,0,-1.22
INFY.NS,2026-02-11,1501.2,1505.9,1469.0,1471.9,7934411,0.0,0,0,0,0,-5.84
INFY.NS,2026-02-10,1500.0,1515.9,1491.0,1497.8,8657000,0.0,0,0,0,0,-1.73
INFY.NS,2026-02-09,1522.1,1528.0,1493.0,1497.2,8294615,0.0,0,0,0,1,0.04
INFY.NS,2026-02-06,1522.1,1525.0,1480.0,1507.1,13900866,0.0,0,0,0,0,-0.66
INFY.NS,2026-02-05,1534.0,1551.0,1515.7,1520.2,10628127,0.0,0,0,0,0,-0.86
INFY.NS,2026-02-04,1574.0,1584.9,1510.1,1535.8,28828622,0.0,0,0,0,0,-1.02
INFY.NS,2026-02-03,1727.2,1728.0,1653.0,1656.0,8805868,0.0,0,0,0,0,-7.26
INFY.NS,2026-02-02,1662.0,1662.0,1618.0,1629.4,6784887,0.0,0,0,0,1,1.63
INFY.NS,2026-01-30,1655.0,1655.0,1618.1,1641.0,9207926,0.0,0,0,0,0,-0.71
INFY.NS,2026-01-29,1658.0,1666.5,1642.1,1659.5,4749582,0.0,0,0,0,0,-1.11
INFY.NS,2026-01-28,1680.0,1688.8,1650.0,1666.5,8588664,0.0,0,0,0,0,-0.42
INFY.NS,2026-01-27,1685.8,1689.4,1661.1,1682.7,10673087,0.0,0,0,0,0,-0.96
INFY.NS,2026-01-23,1667.2,1675.7,1662.2,1670.8,5869137,0.0,0,0,0,1,0.71
INFY.NS,2026-01-22,1666.0,1671.2,1653.8,1663.5,6228892,0.0,0,0,0,1,0.44
INFY.NS,2026-01-21,1651.0,1657.0,1631.2,1654.4,6224582,0.0,0,0,0,1,0.55
INFY.NS,2026-01-20,1673.0,1680.2,1652.9,1658.9,6406503,0.0,0,0,0,0,-0.27
INFY.NS,2026-01-19,1685.0,1685.0,1666.5,1681.2,5104958,0.0,0,0,0,0,-1.33
INFY.NS,2026-01-16,1663.7,1694.0,1653.4,1689.8,19335957,0.0,0,0,0,0,-0.51
INFY.NS,2026-01-14,1588.0,1617.0,1583.1,1599.8,7557157,0.0,0,0,0,1,5.63
INFY.NS,2026-01-13,1618.0,1618.0,1586.4,1599.0,8080618,0.0,0,0,0,1,0.05
INFY.NS,2026-01-12,1610.1,1613.3,1592.6,1595.9,6985362,0.0,0,0,0,1,0.19
INFY.NS,2026-01-09,1610.0,1631.3,1607.0,1614.1,6816681,0.0,0,0,0,0,-1.13
INFY.NS,2026-01-08,1638.9,1644.3,1608.6,1613.3,3942131,0.0,0,0,0,1,0.05
INFY.NS,2026-01-07,1615.0,1642.0,1615.0,1639.0,4508079,0.0,0,0,0,0,-1.57
INFY.NS,2026-01-06,1600.1,1619.9,1599.0,1612.2,4466729,0.0,0,0,0,1,1.66
INFY.NS,2026-01-05,1637.0,1637.0,1583.1,1606.4,5917885,0.0,0,0,0,1,0.36
INFY.NS,2026-01-02,1635.9,1643.5,1627.5,1640.4,2524526,0.0,0,0,0,0,-2.07
INFY.NS,2026-01-01,1615.4,1639.6,1614.1,1629.8,3658165,0.0,0,0,0,1,0.65
INFY.NS,2025-12-31,1621.0,1628.6,1609.2,1615.4,6538656,0.0,0,0,0,1,0.89
INFY.NS,2025-12-30,1647.0,1647.9,1616.8,1621.6,9395937,0.0,0,0,0,0,-0.38
INFY.NS,2025-12-29,1658.0,1673.1,1637.1,1644.7,4062817,0.0,0,0,0,0,-1.4
INFY.NS,2025-12-26,1663.4,1668.8,1651.7,1656.1,2006491,0.0,0,0,0,0,-0.69
INFY.NS,2025-12-24,1661.0,1667.6,1652.5,1663.4,4271167,0.0,0,0,0,0,-0.44
INFY.NS,2025-12-23,1679.0,1679.0,1656.4,1668.3,6593060,0.0,0,0,0,0,-0.29
INFY.NS,2025-12-22,1664.0,1693.2,1664.0,1689.6,23098923,0.0,0,0,0,0,-1.26
INFY.NS,2025-12-19,1650.0,1654.9,1629.8,1638.7,13149023,0.0,0,0,0,1,3.11
INFY.NS,2025-12-18,1610.5,1630.0,1606.7,1626.8,6577293,0.0,0,0,0,1,0.73
INFY.NS,2025-12-17,1587.2,1606.9,1586.0,1602.0,4817628,0.0,0,0,0,1,1.55
INFY.NS,2025-12-16,1600.0,1603.0,1585.6,1592.9,5499258,0.0,0,0,0,1,0.57
INFY.NS,2025-12-15,1585.0,1610.8,1585.0,1606.8,4190558,0.0,0,0,0,0,-0.87
INFY.NS,2025-12-12,1601.4,1601.8,1582.6,1598.2,4633912,0.0,0,0,0,1,0.54
INFY.NS,2025-12-11,1598.0,1607.4,1580.5,1598.0,5159319,0.0,0,0,0,1,0.01
INFY.NS,2025-12-10,1608.0,1608.0,1582.8,1584.8,5116140,0.0,0,0,0,1,0.83
INFY.NS,2025-12-09,1601.2,1606.9,1582.4,1599.0,6957599,0.0,0,0,0,0,-0.89
INFY.NS,2025-12-08,1617.1,1630.0,1600.2,1610.8,7550413,0.0,0,0,0,0,-0.73
INFY.NS,2025-12-05,1610.0,1631.8,1600.0,1616.2,10344725,0.0,0,0,0,0,-0.33
INFY.NS,2025-12-04,1568.0,1599.0,1568.0,1597.6,12609619,0.0,0,0,0,1,1.16
INFY.NS,2025-12-03,1555.1,1586.0,1554.1,1578.7,12895312,0.0,0,0,0,1,1.2
INFY.NS,2025-12-02,1567.0,1579.9,1556.1,1561.0,6335969,0.0,0,0,0,1,1.13
INFY.NS,2025-12-01,1562.5,1574.0,1556.0,1564.0,5341800,0.0,0,0,0,0,-0.19
INFY.NS,2025-11-28,1565.0,1568.4,1557.0,1560.1,4453221,0.0,0,0,0,1,0.25
INFY.NS,2025-11-27,1564.0,1574.3,1552.2,1566.4,7552252,0.0,0,0,0,0,-0.4
INFY.NS,2025-11-26,1532.1,1560.3,1532.1,1557.9,7575038,0.0,0,0,0,1,0.55
INFY.NS,2025-11-25,1549.0,1550.6,1525.9,1530.6,8107952,0.0,0,0,0,1,1.78
INFY.NS,2025-11-24,1563.6,1585.0,1541.0,1548.0,19270381,0.0,0,0,0,0,-1.12
INFY.NS,2025-11-21,1531.0,1551.5,1526.3,1545.0,9186302,0.0,0,0,0,1,0.19
INFY.NS,2025-11-20,1555.0,1555.0,1534.0,1536.5,7387584,0.0,0,0,0,1,0.55
INFY.NS,2025-11-19,1490.5,1543.0,1490.5,1541.1,10981126,0.0,0,0,0,0,-0.3
INFY.NS,2025-11-18,1506.0,1506.0,1483.2,1486.4,7525119,0.0,0,0,0,1,3.68
INFY.NS,2025-11-17,1496.0,1510.2,1492.5,1507.6,7910354,0.0,0,0,0,0,-1.41
INFY.NS,2025-11-14,1520.0,1530.0,1488.8,1502.8,9739549,0.0,0,0,0,1,0.32
INFY.NS,2025-11-13,1557.1,1557.5,1530.3,1541.8,19655689,0.0,0,0,0,0,-2.53
INFY.NS,2025-11-12,1540.0,1559.2,1538.1,1551.7,14635417,0.0,0,0,0,0,-0.64
INFY.NS,2025-11-11,1525.0,1533.4,1511.1,1530.3,13692989,0.0,0,0,0,1,1.4
INFY.NS,2025-11-10,1490.1,1520.0,1490.0,1513.5,9787975,0.0,0,0,0,1,1.11
INFY.NS,2025-11-07,1470.0,1480.9,1449.1,1476.8,8765759,0.0,0,0,0,1,2.49
INFY.NS,2025-11-06,1478.6,1483.0,1461.9,1466.7,7944752,0.0,0,0,0,1,0.69
INFY.NS,2025-11-04,1479.7,1481.9,1462.9,1467.9,8691330,0.0,0,0,0,0,-0.08
INFY.NS,2025-11-03,1482.3,1491.4,1474.2,1485.5,5470600,0.0,0,0,0,0,-1.18
INFY.NS,2025-10-31,1490.0,1497.1,1480.7,1482.3,4819814,0.0,0,0,0,1,0.22
INFY.NS,2025-10-30,1507.0,1508.2,1489.1,1493.8,5608867,0.0,0,0,0,0,-0.77
INFY.NS,2025-10-29,1500.2,1520.2,1496.9,1510.4,4884976,0.0,0,0,0,0,-1.1
INFY.NS,2025-10-28,1499.7,1506.5,1490.5,1500.2,8211019,0.0,0,0,0,1,0.68
INFY.NS,2025-10-27,1510.0,1515.3,1498.1,1504.5,7273211,0.0,0,0,0,0,-0.29
INFY.NS,2025-10-24,1539.5,1543.0,1518.0,1525.4,8652257,0.0,0,0,0,0,-1.37
INFY.NS,2025-10-23,1510.0,1546.0,1506.0,1528.5,20358624,0.0,0,0,0,0,-0.2
INFY.NS,2025-10-21,1478.0,1486.0,1470.0,1472.4,1698704,0.0,0,0,0,1,3.81
INFY.NS,2025-10-20,1453.7,1467.0,1450.0,1460.9,6994246,0.0,0,0,0,1,0.79
INFY.NS,2025-10-17,1454.9,1458.4,1434.0,1441.1,16959378,0.0,0,0,0,1,1.37
INFY.NS,2025-10-16,1473.9,1474.5,1460.5,1471.5,8005748,0.0,0,0,0,0,-2.07
INFY.NS,2025-10-15,1483.9,1488.6,1467.5,1474.4,6986098,0.0,0,0,0,0,-0.2
INFY.NS,2025-10-14,1499.0,1514.4,1486.5,1489.9,5600789,0.0,0,0,0,0,-1.04
INFY.NS,2025-10-13,1497.0,1504.7,1483.4,1493.2,5859355,0.0,0,0,0,0,-0.22
INFY.NS,2025-10-10,1510.0,1521.7,1498.8,1514.9,3738353,0.0,0,0,0,0,-1.43
INFY.NS,2025-10-09,1502.0,1514.0,1487.0,1509.3,7028753,0.0,0,0,0,1,0.37
INFY.NS,2025-10-08,1457.0,1498.0,1455.0,1495.0,4657192,0.0,0,0,0,1,0.96
INFY.NS,2025-10-07,1477.7,1482.9,1454.0,1458.5,5570320,0.0,0,0,0,1,2.5
INFY.NS,2025-10-06,1446.6,1478.8,1442.3,1476.0,4630590,0.0,0,0,0,0,-1.19
INFY.NS,2025-10-03,1439.0,1448.3,1433.2,1446.6,6877533,0.0,0,0,0,1,2.03
INFY.NS,2025-10-01,1446.0,1449.5,1427.4,1445.8,6250692,0.0,0,0,0,1,0.06
INFY.NS,2025-09-30,1443.0,1452.2,1438.1,1441.8,7556305,0.0,0,0,0,1,0.28
INFY.NS,2025-09-29,1460.0,1465.0,1436.5,1441.8,10513117,0.0,0,0,0,0,0.0
INFY.NS,2025-09-26,1475.0,1478.7,1441.2,1448.9,8597058,0.0,0,0,0,0,-0.49
INFY.NS,2025-09-25,1489.0,1502.7,1476.5,1484.8,9491867,0.0,0,0,0,0,-2.42
INFY.NS,2025-09-24,1487.2,1496.7,1482.7,1494.6,4937004,0.0,0,0,0,0,-0.66
INFY.NS,2025-09-23,1493.0,1513.0,1493.0,1497.5,9832164,0.0,0,0,0,0,-0.19
INFY.NS,2025-09-22,1482.7,1514.7,1482.0,1499.5,15655204,0.0,0,0,0,0,-0.13
INFY.NS,2025-09-19,1544.6,1551.3,1520.1,1540.2,12988129,0.0,0,0,0,0,-2.64
INFY.NS,2025-09-18,1550.0,1555.0,1538.5,1540.6,9331945,0.0,0,0,0,0,-0.03
INFY.NS,2025-09-17,1516.9,1526.7,1514.0,1522.4,4795698,0.0,0,0,0,1,1.2
RELIANCE.NS,2026-09-18,1245.0,1247.3,1226.4,1226.4,15122715,0.0,3,0,0,,
RELIANCE.NS,2026-09-17,1244.8,1253.4,1238.5,1243.9,7703749,0.066,5,1,0,0,-1.41
RELIANCE.NS,2026-09-16,1243.0,1255.0,1240.0,1240.0,10023997,0.0,7,0,0,1,0.31
RELIANCE.NS,2026-09-15,1252.5,1259.4,1235.3,1235.3,13754376,0.429,7,3,0,1,0.38
RELIANCE.NS,2026-09-11,1267.0,1267.4,1253.0,1257.5,8777736,0.0,2,0,0,0,-1.77
RELIANCE.NS,2026-09-10,1278.5,1285.3,1266.3,1274.0,9296079,-0.667,3,0,2,0,-1.3
RELIANCE.NS,2026-09-09,1283.5,1294.7,1277.2,1279.0,12152819,0.0,0,0,0,0,-0.39
RELIANCE.NS,2026-09-08,1304.1,1306.8,1288.0,1294.9,9799528,0.0,3,0,0,0,-1.23
RELIANCE.NS,2026-09-07,1323.1,1324.2,1301.9,1309.5,10210522,-1.0,1,0,1,0,-1.11
RELIANCE.NS,2026-09-04,1304.1,1333.0,1304.1,1322.0,13031534,0.667,3,2,0,0,-0.95
RELIANCE.NS,2026-09-03,1313.1,1316.8,1302.5,1302.5,9721454,1.0,2,2,0,1,1.5
RELIANCE.NS,2026-09-02,1298.0,1321.9,1293.1,1313.1,13497841,0.0,1,0,0,0,-0.81
RELIANCE.NS,2026-09-01,1285.0,1311.8,1280.0,1309.0,12617528,1.0,3,3,0,1,0.31
RELIANCE.NS,2026-08-31,1278.7,1297.6,1271.0,1277.0,34871137,-0.75,4,0,3,1,2.51
RELIANCE.NS,2026-08-28,1284.9,1291.8,1280.0,1287.0,6830228,0.0,1,0,0,0,-0.78
RELIANCE.NS,2026-08-27,1305.0,1308.4,1282.2,1282.2,11271497,0.0,1,0,0,1,0.37
RELIANCE.NS,2026-08-26,1310.0,1315.6,1298.0,1298.0,5744474,-0.333,3,0,1,0,-1.22
RELIANCE.NS,2026-08-25,1304.3,1317.1,1300.0,1317.0,7115355,0.0,1,0,0,0,-1.44
RELIANCE.NS,2026-08-24,1316.6,1320.0,1302.4,1309.8,7277167,0.0,5,0,0,1,0.55
RELIANCE.NS,2026-08-21,1314.0,1316.0,1308.0,1316.0,5434871,0.0,2,0,0,0,-0.47
RELIANCE.NS,2026-08-20,1315.5,1316.5,1307.0,1313.2,5546227,-0.333,3,0,1,1,0.21
RELIANCE.NS,2026-08-19,1320.3,1321.6,1303.5,1311.0,7489365,0.0,1,0,0,1,0.17
RELIANCE.NS,2026-08-18,1314.0,1328.6,1311.2,1322.0,10180567,0.0,0,0,0,0,-0.83
RELIANCE.NS,2026-08-17,1314.0,1320.8,1298.1,1316.0,13383867,0.25,4,1,0,1,0.46
RELIANCE.NS,2026-08-14,1317.0,1317.5,1301.5,1310.0,10497358,0.0,3,0,0,1,0.46
RELIANCE.NS,2026-08-13,1327.8,1327.8,1307.2,1317.0,9397301,-0.333,3,0,1,0,-0.53
RELIANCE.NS,2026-08-12,1323.9,1329.0,1309.2,1329.0,7901012,-1.0,1,0,1,0,-0.9
RELIANCE.NS,2026-08-11,1326.6,1328.7,1314.1,1323.9,9953124,0.0,0,0,0,1,0.39
RELIANCE.NS,2026-08-10,1330.1,1332.9,1321.3,1327.3,8207102,0.0,0,0,0,0,-0.26
RELIANCE.NS,2026-08-07,1320.0,1337.0,1316.6,1334.8,9885638,0.0,0,0,0,0,-0.56
RELIANCE.NS,2026-08-06,1285.0,1325.2,1281.2,1325.0,20342297,0.4,5,2,0,1,0.74
RELIANCE.NS,2026-08-05,1293.0,1299.0,1270.1,1280.0,24820782,0.0,1,0,0,1,3.52
RELIANCE.NS,2026-08-04,1315.0,1315.0,1286.4,1290.9,10759546,0.0,0,0,0,0,-0.84
RELIANCE.NS,2026-08-03,1315.2,1319.0,1306.0,1319.0,7508023,0.0,0,0,0,0,-2.13
RELIANCE.NS,2026-07-31,1295.0,1309.7,1293.6,1307.8,8624996,0.0,0,0,0,1,0.86
RELIANCE.NS,2026-07-30,1279.8,1297.0,1275.3,1292.9,12158451,0.0,0,0,0,1,1.15
RELIANCE.NS,2026-07-29,1275.0,1282.4,1268.7,1275.9,9448307,0.0,0,0,0,1,1.33
RELIANCE.NS,2026-07-28,1275.0,1279.2,1265.9,1267.7,9312184,0.0,0,0,0,1,0.65
RELIANCE.NS,2026-07-27,1288.2,1288.7,1278.0,1280.0,7163132,0.0,1,0,0,0,-0.96
RELIANCE.NS,2026-07-24,1265.0,1283.4,1249.8,1278.0,9817000,0.0,1,0,0,1,0.16
RELIANCE.NS,2026-07-23,1283.0,1287.3,1268.0,1272.2,12580741,1.0,1,1,0,1,0.46
RELIANCE.NS,2026-07-22,1302.0,1304.6,1280.7,1288.6,10840383,0.0,0,0,0,0,-1.27
RELIANCE.NS,2026-07-21,1321.0,1326.9,1302.7,1303.7,12753410,0.0,1,0,0,0,-1.16
RELIANCE.NS,2026-07-20,1317.2,1345.9,1314.9,1323.1,14305844,0.318,11,4,0,0,-1.47
RELIANCE.NS,2026-07-17,1300.0,1330.3,1296.1,1327.2,18302218,0.286,7,2,0,0,-0.31
RELIANCE.NS,2026-07-16,1295.5,1309.4,1291.8,1296.6,15631046,0.0,0,0,0,1,2.36
RELIANCE.NS,2026-07-15,1294.1,1310.9,1294.1,1295.5,9577965,0.0,0,0,0,1,0.08
RELIANCE.NS,2026-07-14,1290.0,1308.0,1286.9,1293.0,13511284,0.0,0,0,0,1,0.19
RELIANCE.NS,2026-07-13,1300.0,1306.4,1295.0,1296.9,9488352,0.0,0,0,0,0,-0.3
RELIANCE.NS,2026-07-10,1291.9,1311.1,1287.8,1307.8,8412537,0.0,0,0,0,0,-0.83
RELIANCE.NS,2026-07-09,1277.1,1296.5,1274.2,1279.8,14651963,0.0,1,0,0,1,2.19
RELIANCE.NS,2026-07-08,1297.0,1302.3,1271.6,1275.9,19960868,-1.0,1,0,1,1,0.31
RELIANCE.NS,2026-07-07,1323.5,1328.0,1304.1,1308.4,14335554,-1.0,2,0,2,0,-2.48
RELIANCE.NS,2026-07-06,1304.0,1325.6,1299.4,1321.3,7610709,0.0,0,0,0,0,-0.98
RELIANCE.NS,2026-07-03,1312.0,1312.0,1302.0,1304.0,7839550,0.0,0,0,0,1,1.33
RELIANCE.NS,2026-07-02,1310.0,1313.2,1299.0,1303.5,17795024,0.0,0,0,0,1,0.04
RELIANCE.NS,2026-07-01,1298.9,1312.2,1296.5,1308.0,7001401,0.0,0,0,0,0,-0.34
RELIANCE.NS,2026-06-30,1306.9,1306.9,1290.0,1293.9,15695263,0.0,0,0,0,1,1.09
RELIANCE.NS,2026-06-29,1308.0,1313.7,1292.6,1301.0,13757656,0.0,0,0,0,0,-0.55
RELIANCE.NS,2026-06-25,1318.0,1328.0,1314.6,1318.1,12694362,0.0,0,0,0,0,-1.3
RELIANCE.NS,2026-06-24,1305.7,1322.0,1297.5,1313.6,11030917,0.0,1,0,0,1,0.34
RELIANCE.NS,2026-06-23,1328.9,1333.0,1304.0,1309.5,15400184,0.0,0,0,0,1,0.31
RELIANCE.NS,2026-06-22,1316.7,1344.9,1314.1,1326.5,12931213,1.0,4,4,0,0,-1.28
RELIANCE.NS,2026-06-19,1328.0,1338.2,1305.3,1309.5,24887034,-0.143,7,0,1,1,1.3
RELIANCE.NS,2026-06-18,1330.0,1333.9,1322.0,1328.1,15494549,0.0,1,0,0,0,-1.4
RELIANCE.NS,2026-06-17,1333.0,1334.0,1317.0,1332.7,10029170,0.0,0,0,0,0,-0.35
RELIANCE.NS,2026-06-16,1313.4,1333.4,1306.4,1328.8,18513223,0.667,3,2,0,1,0.29
RELIANCE.NS,2026-06-15,1315.3,1325.0,1303.3,1307.0,18633321,0.0,1,0,0,1,1.67
RELIANCE.NS,2026-06-12,1277.0,1297.0,1262.5,1293.0,11988785,1.0,1,1,0,1,1.08
RELIANCE.NS,2026-06-11,1258.0,1276.0,1253.2,1263.0,13117486,0.0,0,0,0,1,2.38
RELIANCE.NS,2026-06-10,1275.0,1300.5,1254.4,1258.8,21012796,1.0,1,1,0,1,0.33
RELIANCE.NS,2026-06-09,1269.0,1274.2,1257.5,1269.2,23620214,1.0,1,1,0,0,-0.82
RELIANCE.NS,2026-06-08,1277.0,1282.6,1259.2,1263.3,16494759,-0.5,2,0,1,1,0.47
RELIANCE.NS,2026-06-05,1304.5,1306.0,1288.0,1291.0,17785223,0.0,0,0,0,0,-2.15
RELIANCE.NS,2026-06-04,1301.0,1311.2,1293.1,1303.7,23474327,0.0,0,0,0,0,-0.97
RELIANCE.NS,2026-06-03,1315.0,1324.0,1301.0,1313.2,20012293,0.0,0,0,0,0,-0.72
RELIANCE.NS,2026-06-02,1307.7,1327.8,1300.3,1314.6,23302785,0.0,0,0,0,0,-0.11
RELIANCE.NS,2026-06-01,1332.5,1335.5,1318.5,1320.0,10700603,0.0,0,0,0,0,-0.41
RELIANCE.NS,2026-05-29,1364.0,1369.0,1317.0,1321.2,42634247,0.0,0,0,0,0,-0.09
RELIANCE.NS,2026-05-27,1353.0,1361.0,1348.6,1350.5,13215138,0.0,0,0,0,0,-2.17
RELIANCE.NS,2026-05-26,1360.1,1368.5,1352.4,1356.3,13769747,0.0,0,0,0,0,-0.43
RELIANCE.NS,2026-05-25,1366.8,1371.1,1357.0,1367.0,6750071,0.0,0,0,0,0,-0.78
RELIANCE.NS,2026-05-22,1350.0,1367.4,1349.1,1354.5,7105813,0.0,0,0,0,1,0.92
RELIANCE.NS,2026-05-21,1367.2,1370.9,1345.2,1349.6,17150630,0.0,0,0,0,1,0.36
RELIANCE.NS,2026-05-20,1318.7,1362.9,1312.6,1359.7,13248515,-0.5,2,0,1,0,-0.74
RELIANCE.NS,2026-05-19,1338.7,1344.0,1318.4,1322.7,21665501,0.0,0,0,0,1,2.8
RELIANCE.NS,2026-05-18,1334.0,1342.0,1318.7,1335.9,13022473,0.0,0,0,0,0,-0.99
RELIANCE.NS,2026-05-15,1356.8,1364.8,1329.2,1336.4,19976192,0.0,0,0,0,0,-0.04
RELIANCE.NS,2026-05-14,1365.2,1378.0,1358.4,1361.8,17303059,0.0,0,0,0,0,-1.87
RELIANCE.NS,2026-05-13,1361.4,1372.4,1352.4,1358.8,13797989,0.0,0,0,0,1,0.22
RELIANCE.NS,2026-05-12,1392.0,1393.5,1360.3,1364.0,24357500,0.0,0,0,0,0,-0.38
RELIANCE.NS,2026-05-11,1420.0,1428.0,1382.0,1388.2,15261787,0.0,0,0,0,0,-1.74
RELIANCE.NS,2026-05-08,1426.0,1442.8,1417.5,1435.2,8663105,0.0,0,0,0,0,-3.27
RELIANCE.NS,2026-05-07,1438.8,1449.5,1430.3,1436.2,19816903,0.0,0,0,0,0,-0.07
RELIANCE.NS,2026-05-06,1463.0,1473.3,1427.5,1437.9,14221786,0.0,0,0,0,0,-0.12
RELIANCE.NS,2026-05-05,1460.0,1473.4,1450.0,1463.6,23543341,0.0,0,0,0,0,-1.76
RELIANCE.NS,2026-05-04,1433.4,1467.4,1433.4,1463.1,24035700,0.0,0,0,0,1,0.03
RELIANCE.NS,2026-04-30,1409.0,1437.0,1393.1,1430.8,30957881,0.0,0,0,0,1,2.26
RELIANCE.NS,2026-04-29,1392.0,1433.8,1391.3,1425.4,30542143,0.0,0,0,0,1,0.38
RELIANCE.NS,2026-04-28,1358.0,1395.2,1357.0,1388.9,41027699,0.0,1,0,0,1,2.63
RELIANCE.NS,2026-04-27,1313.0,1371.6,1311.0,1365.8,24673098,-0.5,2,0,1,1,1.69
RELIANCE.NS,2026-04-24,1340.0,1345.9,1325.0,1327.8,11744802,0.0,0,0,0,1,2.86
RELIANCE.NS,2026-04-23,1346.0,1355.5,1340.7,1343.4,16385079,0.0,0,0,0,0,-1.16
RELIANCE.NS,2026-04-22,1350.3,1366.0,1349.1,1362.1,9525953,0.0,0,0,0,0,-1.37
RELIANCE.NS,2026-04-21,1359.0,1369.8,1350.1,1353.3,27293629,0.0,0,0,0,1,0.65
RELIANCE.NS,2026-04-20,1363.2,1373.0,1352.8,1363.3,13614733,0.0,0,0,0,0,-0.73
RELIANCE.NS,2026-04-17,1340.0,1368.4,1340.0,1365.0,13869105,0.0,0,0,0,0,-0.12
RELIANCE.NS,2026-04-16,1352.0,1353.8,1330.0,1343.3,30211012,0.0,0,0,0,1,1.62
RELIANCE.NS,2026-04-15,1337.0,1347.0,1334.2,1344.1,15313779,0.0,0,0,0,0,-0.06
RELIANCE.NS,2026-04-13,1321.2,1327.6,1310.0,1315.1,28753269,0.0,0,0,0,1,2.21
RELIANCE.NS,2026-04-10,1337.0,1352.3,1331.5,1350.2,19364461,0.0,0,0,0,0,-2.6
RELIANCE.NS,2026-04-09,1346.0,1350.0,1326.3,1330.0,20725390,0.0,0,0,0,1,1.52
RELIANCE.NS,2026-04-08,1349.0,1350.6,1326.2,1347.8,21817543,0.0,0,0,0,0,-1.32
RELIANCE.NS,2026-04-07,1295.0,1308.3,1291.0,1304.6,28388922,0.0,0,0,0,1,3.31
RELIANCE.NS,2026-04-06,1359.0,1359.0,1290.0,1304.7,29274881,0.0,1,0,0,0,-0.01
RELIANCE.NS,2026-04-02,1357.0,1358.2,1328.0,1350.5,21280051,0.0,0,0,0,0,-3.39
RELIANCE.NS,2026-04-01,1384.2,1384.4,1362.9,1369.2,14404619,0.0,0,0,0,0,-1.37
RELIANCE.NS,2026-03-30,1335.0,1365.0,1334.1,1343.9,24393861,0.0,0,0,0,1,1.88
RELIANCE.NS,2026-03-27,1401.0,1404.7,1345.0,1348.1,23266517,0.0,0,0,0,0,-0.31
RELIANCE.NS,2026-03-25,1420.0,1430.5,1408.4,1413.1,19041331,0.0,0,0,0,0,-4.6
RELIANCE.NS,2026-03-24,1420.0,1422.4,1406.6,1411.8,18620893,0.0,0,0,0,1,0.09
RELIANCE.NS,2026-03-23,1400.0,1415.6,1391.0,1407.8,18979554,0.0,0,0,0,1,0.28
RELIANCE.NS,2026-03-20,1398.0,1430.0,1396.1,1414.4,22994918,0.0,0,0,0,0,-0.47
RELIANCE.NS,2026-03-19,1388.0,1415.7,1376.1,1384.8,16498373,0.0,0,0,0,1,2.14
RELIANCE.NS,2026-03-18,1397.2,1412.9,1397.2,1408.1,9559327,0.0,0,0,0,0,-1.65
RELIANCE.NS,2026-03-17,1399.0,1405.9,1388.2,1397.6,19007744,0.0,0,0,0,1,0.75
RELIANCE.NS,2026-03-16,1380.0,1397.3,1363.5,1395.1,22837802,0.0,0,0,0,1,0.18
RELIANCE.NS,2026-03-13,1385.2,1400.8,1378.4,1380.7,17265090,0.0,0,0,0,1,1.04
RELIANCE.NS,2026-03-12,1390.0,1410.9,1381.1,1392.2,20939959,0.0,0,0,0,0,-0.83
RELIANCE.NS,2026-03-11,1424.9,1434.0,1383.6,1390.2,21848087,0.0,0,0,0,1,0.14
RELIANCE.NS,2026-03-10,1430.6,1431.5,1400.6,1408.8,18071259,0.0,0,0,0,0,-1.32
RELIANCE.NS,2026-03-09,1375.0,1429.4,1370.0,1424.0,24870822,0.0,0,0,0,0,-1.07
RELIANCE.NS,2026-03-06,1396.5,1424.3,1390.3,1404.8,19311971,0.0,0,0,0,1,1.37
RELIANCE.NS,2026-03-05,1353.1,1399.0,1353.1,1389.4,25957532,0.0,0,0,0,1,1.11
RELIANCE.NS,2026-03-04,1330.0,1352.8,1307.0,1345.0,32495007,0.0,0,0,0,1,3.3
RELIANCE.NS,2026-03-02,1375.5,1378.6,1341.5,1358.0,23728722,0.0,0,0,0,0,-0.96
RELIANCE.NS,2026-02-27,1398.0,1410.4,1388.1,1393.9,12031440,0.0,0,0,0,0,-2.58
RELIANCE.NS,2026-02-26,1398.5,1412.9,1391.9,1406.8,16683858,0.0,0,0,0,0,-0.92
RELIANCE.NS,2026-02-25,1435.0,1440.5,1393.5,1398.5,10728792,0.0,0,0,0,1,0.59
RELIANCE.NS,2026-02-24,1425.3,1433.3,1415.0,1428.8,12529409,0.0,0,0,0,0,-2.12
RELIANCE.NS,2026-02-23,1425.0,1434.9,1418.3,1428.0,7758856,0.0,0,0,0,1,0.06
RELIANCE.NS,2026-02-20,1409.5,1427.4,1406.1,1419.4,8177670,0.0,0,0,0,1,0.61
RELIANCE.NS,2026-02-19,1443.0,1443.0,1400.0,1409.5,11884664,0.0,0,0,0,1,0.7
RELIANCE.NS,2026-02-18,1427.0,1442.1,1419.2,1441.3,5521096,0.0,0,0,0,0,-2.21
RELIANCE.NS,2026-02-17,1431.1,1431.8,1418.6,1423.0,10731630,0.0,0,0,0,1,1.29
RELIANCE.NS,2026-02-16,1420.1,1439.6,1409.3,1437.1,5896514,0.0,0,0,0,0,-0.98
RELIANCE.NS,2026-02-13,1445.5,1450.7,1416.3,1419.6,10755693,0.0,0,0,0,1,1.23
RELIANCE.NS,2026-02-12,1470.0,1473.0,1445.5,1448.9,11135399,0.0,0,0,0,0,-2.02
RELIANCE.NS,2026-02-11,1459.6,1470.0,1453.6,1468.7,7106877,0.0,0,0,0,0,-1.35
RELIANCE.NS,2026-02-10,1471.0,1471.0,1452.2,1458.5,10259630,0.0,0,0,0,1,0.7
RELIANCE.NS,2026-02-09,1458.0,1465.9,1453.0,1461.6,5775864,0.0,0,0,0,0,-0.21
RELIANCE.NS,2026-02-06,1441.5,1452.8,1433.5,1450.8,8277304,0.0,0,0,0,1,0.74
RELIANCE.NS,2026-02-05,1457.0,1461.5,1439.5,1443.4,11763658,0.0,1,0,0,1,0.51
RELIANCE.NS,2026-02-04,1444.0,1464.0,1440.3,1456.8,8333387,0.0,0,0,0,0,-0.92
RELIANCE.NS,2026-02-03,1473.9,1489.5,1430.2,1437.1,25456171,0.0,0,0,0,1,1.37
RELIANCE.NS,2026-02-02,1340.0,1392.9,1335.5,1390.4,15711165,0.0,0,0,0,1,3.36
RELIANCE.NS,2026-01-30,1382.6,1398.0,1378.5,1395.4,11239835,0.0,0,0,0,0,-0.36
RELIANCE.NS,2026-01-29,1402.9,1402.9,1384.0,1391.0,20846683,0.0,0,0,0,1,0.32
RELIANCE.NS,2026-01-28,1385.0,1409.9,1384.9,1396.7,11121657,0.0,0,0,0,0,-0.41
RELIANCE.NS,2026-01-27,1380.0,1391.6,1368.0,1380.5,26302396,0.0,0,0,0,1,1.17
RELIANCE.NS,2026-01-23,1401.8,1407.0,1381.0,1386.1,9837802,0.0,0,0,0,0,-0.4
RELIANCE.NS,2026-01-22,1410.1,1419.5,1395.0,1402.5,15721693,0.0,0,0,0,0,-1.17
RELIANCE.NS,2026-01-21,1389.5,1412.9,1373.0,1404.6,17352720,0.0,0,0,0,0,-0.15
RELIANCE.NS,2026-01-20,1410.7,1416.0,1390.0,1394.0,13189498,0.0,0,0,0,1,0.76
RELIANCE.NS,2026-01-19,1450.6,1450.6,1403.3,1413.6,20392765,0.0,0,0,0,0,-1.39
RELIANCE.NS,2026-01-16,1458.8,1480.0,1455.1,1457.9,17167161,0.0,0,0,0,0,-3.04
RELIANCE.NS,2026-01-14,1444.0,1467.0,1440.2,1458.8,8321764,0.0,0,0,0,0,-0.06
RELIANCE.NS,2026-01-13,1485.0,1485.8,1444.7,1452.8,13499760,0.0,0,0,0,1,0.41
RELIANCE.NS,2026-01-12,1475.3,1485.3,1451.0,1483.2,8883745,0.0,0,0,0,0,-2.05
RELIANCE.NS,2026-01-09,1465.0,1479.9,1465.0,1475.3,8335311,0.0,0,0,0,1,0.54
RELIANCE.NS,2026-01-08,1500.0,1503.9,1468.8,1470.6,16518684,0.0,0,0,0,1,0.32
RELIANCE.NS,2026-01-07,1510.0,1520.0,1498.0,1504.2,11199340,0.0,0,0,0,0,-2.23
RELIANCE.NS,2026-01-06,1569.0,1569.0,1496.3,1507.6,27417125,0.0,0,0,0,0,-0.23
RELIANCE.NS,2026-01-05,1593.0,1611.8,1575.3,1578.1,8704973,0.0,0,0,0,0,-4.47
RELIANCE.NS,2026-01-02,1580.0,1594.6,1578.2,1592.3,6602230,0.0,0,0,0,0,-0.89
RELIANCE.NS,2026-01-01,1573.7,1592.5,1571.1,1575.6,6408128,0.0,0,0,0,1,1.06
RELIANCE.NS,2025-12-31,1541.0,1577.0,1541.0,1570.4,5771830,0.0,0,0,0,1,0.33
RELIANCE.NS,2025-12-30,1547.0,1553.6,1537.8,1539.8,8815884,0.0,0,0,0,1,1.99
RELIANCE.NS,2025-12-29,1554.9,1558.1,1543.6,1545.6,5972105,0.0,0,0,0,0,-0.38
RELIANCE.NS,2025-12-26,1554.7,1561.0,1554.3,1559.2,2311495,0.0,0,0,0,0,-0.87
RELIANCE.NS,2025-12-24,1572.7,1575.7,1553.6,1558.2,8815745,0.0,0,0,0,1,0.06
RELIANCE.NS,2025-12-23,1580.9,1580.9,1568.1,1570.7,7506564,0.0,0,0,0,0,-0.8
RELIANCE.NS,2025-12-22,1573.5,1577.5,1565.3,1575.4,10184852,0.0,0,0,0,0,-0.3
RELIANCE.NS,2025-12-19,1554.4,1574.2,1551.0,1565.1,13937275,0.0,0,0,0,1,0.66
RELIANCE.NS,2025-12-18,1535.2,1551.5,1535.2,1544.4,6580829,0.0,0,0,0,1,1.34
RELIANCE.NS,2025-12-17,1550.0,1550.0,1539.3,1544.4,7116649,0.0,0,0,0,0,0.0
RELIANCE.NS,2025-12-16,1545.0,1551.7,1538.8,1542.3,11731856,0.0,0,0,0,1,0.14
RELIANCE.NS,2025-12-15,1551.2,1558.6,1546.5,1556.2,5774543,0.0,0,0,0,0,-0.89
RELIANCE.NS,2025-12-12,1550.8,1559.8,1546.1,1556.5,5106655,0.0,0,0,0,0,-0.02
RELIANCE.NS,2025-12-11,1536.9,1550.0,1524.0,1545.0,4706197,0.0,0,0,0,1,0.74
RELIANCE.NS,2025-12-10,1534.0,1547.5,1531.4,1536.9,7991629,0.0,0,0,0,1,0.53
RELIANCE.NS,2025-12-09,1540.3,1542.5,1520.1,1529.4,11503971,0.0,0,0,0,1,0.49
RELIANCE.NS,2025-12-08,1539.2,1551.0,1535.0,1543.0,11301491,0.0,0,0,0,0,-0.88
RELIANCE.NS,2025-12-05,1530.4,1545.8,1520.6,1540.6,10183266,0.0,0,0,0,1,0.16
RELIANCE.NS,2025-12-04,1536.0,1560.5,1517.6,1535.6,11867930,0.0,0,0,0,1,0.33
RELIANCE.NS,2025-12-03,1545.2,1552.4,1533.0,1538.8,6090883,0.0,0,0,0,0,-0.21
RELIANCE.NS,2025-12-02,1561.1,1567.5,1542.0,1546.3,11389150,0.0,0,0,0,0,-0.49
RELIANCE.NS,2025-12-01,1575.0,1577.5,1563.6,1566.1,8920233,0.0,0,0,0,0,-1.26
RELIANCE.NS,2025-11-28,1568.0,1581.3,1563.0,1567.5,8959508,0.0,0,0,0,0,-0.09
RELIANCE.NS,2025-11-27,1575.0,1575.5,1556.0,1563.4,9794643,0.0,0,0,0,1,0.26
RELIANCE.NS,2025-11-26,1542.3,1571.6,1540.5,1569.9,14054299,0.0,0,0,0,0,-0.41
RELIANCE.NS,2025-11-25,1535.9,1559.6,1525.1,1539.7,15033482,0.0,0,0,0,1,1.96
RELIANCE.NS,2025-11-24,1550.0,1550.0,1531.8,1535.9,18433951,0.0,0,0,0,1,0.25
RELIANCE.NS,2025-11-21,1541.0,1557.8,1540.1,1546.6,9615271,0.0,0,0,0,0,-0.69
RELIANCE.NS,2025-11-20,1530.0,1550.9,1526.7,1549.1,18171724,0.0,0,0,0,0,-0.16
RELIANCE.NS,2025-11-19,1517.4,1522.3,1512.0,1518.9,5692366,0.0,0,0,0,1,1.99
RELIANCE.NS,2025-11-18,1521.7,1527.8,1510.5,1519.4,11045042,0.0,0,0,0,0,-0.03
RELIANCE.NS,2025-11-17,1520.9,1523.7,1511.5,1518.3,5871416,0.0,0,0,0,1,0.07
RELIANCE.NS,2025-11-14,1505.5,1520.9,1505.5,1518.9,7682823,0.0,0,0,0,0,-0.04
RELIANCE.NS,2025-11-13,1515.0,1522.1,1506.8,1510.9,7196443,0.0,0,0,0,1,0.53
RELIANCE.NS,2025-11-12,1505.0,1524.7,1500.0,1511.5,12384459,0.0,0,0,0,0,-0.04
RELIANCE.NS,2025-11-11,1497.0,1498.8,1480.2,1493.4,7127506,0.0,0,0,0,1,1.21
RELIANCE.NS,2025-11-10,1477.9,1501.0,1475.5,1489.3,7068438,0.0,0,0,0,1,0.28
RELIANCE.NS,2025-11-07,1494.6,1498.4,1475.9,1478.0,7821765,0.0,0,0,0,1,0.76
RELIANCE.NS,2025-11-06,1484.0,1501.6,1476.2,1496.1,16772678,0.0,0,0,0,0,-1.21
RELIANCE.NS,2025-11-04,1483.9,1492.8,1470.1,1473.1,10007806,0.0,0,0,0,1,1.56
RELIANCE.NS,2025-11-03,1486.0,1495.0,1479.3,1484.7,8452085,0.0,0,0,0,0,-0.78
RELIANCE.NS,2025-10-31,1490.4,1497.5,1482.3,1486.4,8758053,0.0,0,0,0,0,-0.11
RELIANCE.NS,2025-10-30,1500.0,1503.1,1484.0,1488.5,9318663,0.0,0,0,0,0,-0.14
RELIANCE.NS,2025-10-29,1490.0,1508.3,1488.1,1504.2,11884745,0.0,0,0,0,0,-1.04
RELIANCE.NS,2025-10-28,1484.1,1492.0,1477.6,1486.9,17631577,0.0,0,0,0,1,1.16
RELIANCE.NS,2025-10-27,1463.0,1485.0,1458.0,1484.1,14113867,0.0,0,0,0,1,0.19
RELIANCE.NS,2025-10-24,1450.0,1459.8,1441.0,1451.6,9700837,0.0,0,0,0,1,2.24
RELIANCE.NS,2025-10-23,1475.0,1482.9,1444.6,1448.4,18707090,0.0,0,0,0,1,0.22
RELIANCE.NS,2025-10-21,1468.0,1474.0,1460.0,1465.2,2066169,0.0,0,0,0,0,-1.15
RELIANCE.NS,2025-10-20,1440.0,1473.8,1433.3,1466.8,24721978,0.0,0,0,0,0,-0.11
RELIANCE.NS,2025-10-17,1401.0,1423.3,1399.1,1416.8,19335561,0.0,0,0,0,1,3.53
RELIANCE.NS,2025-10-16,1375.1,1400.5,1375.0,1398.3,12315932,0.0,0,0,0,1,1.32
RELIANCE.NS,2025-10-15,1383.0,1384.0,1372.7,1374.3,10882743,0.0,0,0,0,1,1.75
RELIANCE.NS,2025-10-14,1380.0,1388.0,1370.1,1375.9,9768174,0.0,0,0,0,0,-0.12
RELIANCE.NS,2025-10-13,1376.9,1377.7,1367.8,1375.0,7600682,0.0,0,0,0,1,0.07
RELIANCE.NS,2025-10-10,1377.8,1388.0,1375.1,1381.7,6373084,0.0,0,0,0,0,-0.48
RELIANCE.NS,2025-10-09,1374.0,1380.0,1369.1,1377.8,8826633,0.0,0,0,0,1,0.28
RELIANCE.NS,2025-10-08,1384.8,1389.0,1364.5,1367.4,8525081,0.0,0,0,0,1,0.76
RELIANCE.NS,2025-10-07,1376.0,1395.9,1375.9,1384.8,11244040,0.0,0,0,0,0,-1.26
RELIANCE.NS,2025-10-06,1360.0,1377.4,1359.0,1375.0,12396580,0.0,0,0,0,1,0.71
RELIANCE.NS,2025-10-03,1363.2,1371.6,1356.9,1363.4,12842347,0.0,0,0,0,1,0.85
RELIANCE.NS,2025-10-01,1367.0,1378.6,1362.7,1368.7,12045916,0.0,0,0,0,0,-0.39
RELIANCE.NS,2025-09-30,1377.1,1377.1,1362.8,1364.0,14604684,0.0,0,0,0,1,0.34
RELIANCE.NS,2025-09-29,1381.6,1389.0,1368.0,1372.8,14231999,0.0,0,0,0,0,-0.64
RELIANCE.NS,2025-09-26,1372.0,1382.7,1366.0,1377.6,9879109,0.0,0,0,0,0,-0.35
RELIANCE.NS,2025-09-25,1381.3,1384.5,1369.0,1372.4,11411143,0.0,0,0,0,1,0.38
RELIANCE.NS,2025-09-24,1385.3,1396.0,1380.4,1383.0,5922759,0.0,0,0,0,0,-0.77
RELIANCE.NS,2025-09-23,1391.0,1395.0,1376.8,1389.8,14014702,0.0,0,0,0,0,-0.49
RELIANCE.NS,2025-09-22,1403.9,1410.7,1388.0,1390.6,7757970,0.0,0,0,0,0,-0.06
RELIANCE.NS,2025-09-19,1414.9,1417.0,1403.6,1407.4,13461373,0.0,0,0,0,0,-1.19
RELIANCE.NS,2025-09-18,1420.4,1422.0,1410.7,1415.0,9332642,0.0,0,0,0,0,-0.54
RELIANCE.NS,2025-09-17,1407.0,1416.2,1406.9,1413.8,7519417,0.0,0,0,0,1,0.08
SBIN.NS,2026-09-18,992.0,996.2,985.1,996.2,5699456,0.0,2,0,0,,
SBIN.NS,2026-09-17,991.2,1000.9,985.2,988.7,8593480,0.0,4,0,0,1,0.76
SBIN.NS,2026-09-16,976.0,991.4,973.2,991.4,8609956,0.333,6,2,0,0,-0.27
SBIN.NS,2026-09-15,994.0,999.8,968.0,968.0,10004115,0.0,2,0,0,1,2.42
SBIN.NS,2026-09-11,1000.0,1001.9,993.0,995.7,7771109,-1.0,2,0,2,0,-2.78
SBIN.NS,2026-09-10,1002.0,1011.9,1001.0,1009.7,5504031,0.0,1,0,0,0,-1.39
SBIN.NS,2026-09-09,999.0,1012.2,992.4,1000.5,7091386,0.0,2,0,0,1,0.92
SBIN.NS,2026-09-08,1004.9,1011.2,1002.1,1008.0,7084768,-0.5,2,0,1,0,-0.74
SBIN.NS,2026-09-07,1020.8,1021.7,1000.6,1005.9,10220001,0.5,2,1,0,1,0.21
SBIN.NS,2026-09-04,1026.0,1029.2,1016.1,1016.1,6724566,0.0,1,0,0,0,-1.0
SBIN.NS,2026-09-03,1028.9,1036.0,1021.1,1023.4,7371804,-0.5,4,0,2,0,-0.71
SBIN.NS,2026-09-02,1026.0,1035.3,1017.3,1020.9,13843678,1.0,2,2,0,1,0.24
SBIN.NS,2026-09-01,1051.3,1051.3,1027.1,1034.5,7605132,0.0,0,0,0,0,-1.31
SBIN.NS,2026-08-31,1041.2,1060.0,1034.5,1060.0,5138732,0.0,3,0,0,0,-2.41
SBIN.NS,2026-08-28,1046.0,1051.2,1040.5,1047.5,4969272,0.0,0,0,0,1,1.19
SBIN.NS,2026-08-27,1052.0,1054.4,1042.9,1042.9,4788716,0.0,0,0,0,1,0.44
SBIN.NS,2026-08-26,1051.4,1062.3,1051.2,1052.0,5858099,0.0,2,0,0,0,-0.87
SBIN.NS,2026-08-25,1036.0,1048.0,1031.3,1048.0,9982723,0.4,5,2,0,1,0.38
SBIN.NS,2026-08-24,1047.9,1047.9,1032.1,1039.5,8868193,0.25,4,1,0,1,0.82
SBIN.NS,2026-08-21,1052.7,1054.7,1040.1,1048.7,6534213,0.0,2,0,0,0,-0.88
SBIN.NS,2026-08-20,1052.9,1052.9,1045.7,1048.0,5879949,0.0,0,0,0,1,0.07
SBIN.NS,2026-08-19,1053.2,1054.8,1041.4,1048.6,7182636,0.0,0,0,0,0,-0.06
SBIN.NS,2026-08-18,1059.6,1067.7,1053.0,1053.0,5583771,0.0,0,0,0,0,-0.42
SBIN.NS,2026-08-17,1064.2,1068.8,1052.4,1061.2,7039473,0.0,0,0,0,0,-0.77
SBIN.NS,2026-08-14,1082.0,1082.0,1065.1,1067.7,6273501,0.0,0,0,0,0,-0.61
SBIN.NS,2026-08-13,1083.0,1086.8,1073.0,1083.0,9502483,0.0,1,0,0,0,-1.41
SBIN.NS,2026-08-12,1066.0,1085.5,1066.0,1082.0,17673922,0.0,0,0,0,1,0.09
SBIN.NS,2026-08-11,1071.0,1071.0,1060.4,1066.0,9456913,0.5,2,1,0,1,1.5
SBIN.NS,2026-08-10,1108.0,1113.3,1068.6,1071.0,16623448,0.345,14,7,1,0,-0.47
SBIN.NS,2026-08-07,1080.1,1124.5,1075.7,1097.2,29410622,1.0,8,8,0,0,-2.39
SBIN.NS,2026-08-06,1052.5,1088.1,1052.5,1085.0,13822265,0.722,6,5,0,1,1.12
SBIN.NS,2026-08-05,1043.0,1055.0,1040.3,1055.0,8707119,1.0,1,1,0,1,2.84
SBIN.NS,2026-08-04,1047.6,1047.6,1030.9,1042.7,8544184,0.0,3,1,1,1,1.18
SBIN.NS,2026-08-03,1035.0,1051.5,1031.6,1045.0,10507450,0.0,0,0,0,0,-0.22
SBIN.NS,2026-07-31,1028.1,1034.3,1023.5,1027.4,10921417,0.0,0,0,0,1,1.71
SBIN.NS,2026-07-30,1013.5,1028.3,1007.6,1025.3,6847458,0.0,0,0,0,1,0.2
SBIN.NS,2026-07-29,1020.0,1020.2,1012.0,1013.7,4792964,0.0,0,0,0,1,1.14
SBIN.NS,2026-07-28,1018.0,1022.0,1008.3,1013.2,9873370,0.0,0,0,0,1,0.05
SBIN.NS,2026-07-27,1020.3,1023.7,1015.9,1020.6,6093002,0.0,0,0,0,0,-0.73
SBIN.NS,2026-07-24,1006.0,1017.8,1000.8,1015.0,13797053,0.0,0,0,0,1,0.55
SBIN.NS,2026-07-23,1022.0,1023.1,1006.5,1012.6,8910230,0.0,0,0,0,1,0.24
SBIN.NS,2026-07-22,1044.4,1044.4,1019.2,1025.0,11227214,-0.333,3,0,1,0,-1.21
SBIN.NS,2026-07-21,1056.2,1067.0,1042.8,1044.4,10514887,0.0,0,0,0,0,-1.86
SBIN.NS,2026-07-20,1041.6,1065.0,1038.3,1060.0,16540411,0.0,0,0,0,0,-1.47
SBIN.NS,2026-07-17,1030.6,1048.0,1028.3,1044.3,8452780,0.0,1,0,0,1,1.5
SBIN.NS,2026-07-16,1030.1,1036.0,1027.3,1031.2,7708316,0.0,0,0,0,1,1.27
SBIN.NS,2026-07-15,1015.5,1036.0,1013.7,1030.1,14275394,1.0,1,1,0,1,0.11
SBIN.NS,2026-07-14,1033.3,1033.7,1011.4,1015.4,11562326,-1.0,1,0,1,1,1.45
SBIN.NS,2026-07-13,1023.5,1042.9,1022.1,1037.0,8381510,0.0,2,0,0,0,-2.08
SBIN.NS,2026-07-10,1029.5,1047.8,1023.5,1036.0,8792150,0.0,0,0,0,1,0.1
SBIN.NS,2026-07-09,1019.8,1031.7,1019.3,1022.1,7661699,0.0,1,0,0,1,1.36
SBIN.NS,2026-07-08,1029.6,1038.3,1011.7,1016.9,14141694,0.0,0,0,0,1,0.51
SBIN.NS,2026-07-07,1039.3,1049.6,1035.5,1038.1,11053574,0.0,0,0,0,0,-2.04
SBIN.NS,2026-07-06,1041.9,1048.4,1036.5,1037.7,8761017,0.0,0,0,0,1,0.04
SBIN.NS,2026-07-03,1055.0,1057.0,1034.5,1040.0,10441493,0.0,0,0,0,0,-0.22
SBIN.NS,2026-07-02,1050.9,1059.8,1045.0,1051.6,14682790,0.0,0,0,0,0,-1.1
SBIN.NS,2026-07-01,1031.0,1049.9,1025.5,1047.4,6295315,0.0,0,0,0,1,0.4
SBIN.NS,2026-06-30,1040.0,1044.0,1025.05,1026.9,11161643,0.0,0,0,0,1,2.0
SBIN.NS,2026-06-29,1044.45,1046.4,1030.85,1036.1,16818246,0.0,0,0,0,0,-0.89
SBIN.NS,2026-06-25,1040.0,1055.4,1038.55,1045.4,16002360,0.0,1,0,0,0,-0.89
SBIN.NS,2026-06-24,1024.0,1044.5,1020.5,1034.6,11724076,0.0,0,0,0,1,1.04
SBIN.NS,2026-06-23,1041.0,1045.5,1022.35,1024.2,10411004,0.0,0,0,0,1,1.02
SBIN.NS,2026-06-22,1038.0,1043.0,1033.6,1040.75,6209440,0.0,0,0,0,0,-1.59
SBIN.NS,2026-06-19,1042.0,1042.0,1029.3,1035.1,9099878,0.0,0,0,0,1,0.55
SBIN.NS,2026-06-18,1027.9,1045.7,1024.45,1042.7,11048009,0.0,0,0,0,0,-0.73
SBIN.NS,2026-06-17,1017.0,1028.1,1013.45,1026.5,8190062,1.0,1,1,0,1,1.58
SBIN.NS,2026-06-16,1023.8,1026.55,1007.4,1015.3,9693677,0.0,0,0,0,1,1.1
SBIN.NS,2026-06-15,1034.0,1034.0,1018.5,1020.85,12463437,1.0,1,1,0,0,-0.54
SBIN.NS,2026-06-12,1018.0,1018.7,1004.35,1017.15,11081119,0.75,4,3,0,1,0.36
SBIN.NS,2026-06-11,998.1,1009.4,993.0,1000.7,13773978,0.0,0,0,0,1,1.64
SBIN.NS,2026-06-10,1002.7,1012.4,999.5,1003.25,19122317,0.0,0,0,0,0,-0.25
SBIN.NS,2026-06-09,985.0,1009.0,983.0,1002.7,22142480,0.0,0,0,0,1,0.05
SBIN.NS,2026-06-08,966.0,988.65,965.15,981.95,12895416,0.0,0,0,0,1,2.11
SBIN.NS,2026-06-05,980.0,992.6,970.6,977.7,20955539,0.0,0,0,0,1,0.43
SBIN.NS,2026-06-04,969.9,985.8,961.1,979.25,18875883,0.0,0,0,0,0,-0.16
SBIN.NS,2026-06-03,953.75,974.0,937.2,970.45,27947005,0.0,0,0,0,1,0.91
SBIN.NS,2026-06-02,950.95,961.3,939.9,956.65,15911760,0.0,0,0,0,1,1.44
SBIN.NS,2026-06-01,966.25,970.25,950.1,954.1,11118975,1.0,1,1,0,1,0.27
SBIN.NS,2026-05-29,967.8,973.7,960.3,964.4,22292535,0.0,0,0,0,0,-1.07
SBIN.NS,2026-05-27,969.8,975.9,966.6,967.8,8111259,0.0,0,0,0,0,-0.35
SBIN.NS,2026-05-26,969.9,978.8,962.1,968.5,16269800,0.0,0,0,0,0,-0.07
SBIN.NS,2026-05-25,959.9,972.5,957.5,969.6,10934747,0.0,0,0,0,0,-0.11
SBIN.NS,2026-05-22,950.9,958.6,947.7,949.2,7807192,0.0,0,0,0,1,2.15
SBIN.NS,2026-05-21,957.0,960.9,946.5,950.9,11756520,0.0,0,0,0,0,-0.18
SBIN.NS,2026-05-20,941.1,955.0,935.0,950.9,11928460,0.0,0,0,0,0,0.0
SBIN.NS,2026-05-19,942.0,956.6,939.5,948.8,17280869,0.0,0,0,0,1,0.22
SBIN.NS,2026-05-18,952.0,954.9,933.9,939.4,16554877,0.0,0,0,0,1,1.0
SBIN.NS,2026-05-15,971.2,972.5,957.0,963.2,26972493,0.0,0,0,0,0,-2.47
SBIN.NS,2026-05-14,973.5,987.0,963.6,979.9,16487142,0.0,0,0,0,0,-1.7
SBIN.NS,2026-05-13,978.0,981.2,961.2,970.1,17584580,-1.0,2,0,2,1,1.01
SBIN.NS,2026-05-12,976.9,981.4,962.4,974.6,25787092,0.0,0,0,0,0,-0.46
SBIN.NS,2026-05-11,1007.0,1007.0,971.1,973.6,46927396,-0.6,5,0,3,1,0.1
SBIN.NS,2026-05-08,1090.0,1095.0,1010.9,1019.3,48065909,-0.041,8,2,3,0,-4.48
SBIN.NS,2026-05-07,1106.0,1108.0,1086.1,1092.0,16105163,0.0,0,0,0,0,-6.66
SBIN.NS,2026-05-06,1072.0,1101.1,1061.2,1096.0,14384779,0.0,0,0,0,0,-0.36
SBIN.NS,2026-05-05,1060.6,1068.5,1049.4,1059.9,12194631,0.0,1,0,0,1,3.41
SBIN.NS,2026-05-04,1063.6,1089.1,1063.6,1068.4,11693211,0.0,0,0,0,0,-0.8
SBIN.NS,2026-04-30,1075.0,1077.7,1063.0,1068.45,14269539,0.0,0,0,0,0,0.0
SBIN.NS,2026-04-29,1094.0,1105.0,1084.25,1086.9,10611104,0.0,0,0,0,0,-1.7
SBIN.NS,2026-04-28,1102.3,1110.5,1089.15,1091.3,10727835,0.0,0,0,0,0,-0.4
SBIN.NS,2026-04-27,1110.95,1114.8,1103.4,1111.85,11624385,0.0,0,0,0,0,-1.85
SBIN.NS,2026-04-24,1091.35,1106.0,1090.05,1101.1,13774745,0.0,0,0,0,1,0.98
SBIN.NS,2026-04-23,1095.0,1101.9,1082.2,1094.25,13669001,0.0,0,0,0,1,0.63
SBIN.NS,2026-04-22,1110.0,1117.85,1100.1,1103.3,12412659,0.0,0,0,0,0,-0.82
SBIN.NS,2026-04-21,1113.4,1114.75,1105.95,1111.85,16963734,0.0,0,0,0,0,-0.77
SBIN.NS,2026-04-20,1080.3,1120.95,1075.85,1107.85,31179584,0.0,0,0,0,1,0.36
SBIN.NS,2026-04-17,1067.0,1082.15,1060.0,1080.25,16823879,0.0,0,0,0,1,2.55
SBIN.NS,2026-04-16,1078.0,1084.15,1062.0,1067.15,20313165,0.0,0,0,0,1,1.23
SBIN.NS,2026-04-15,1076.0,1088.0,1068.2,1071.5,16195810,0.0,0,0,0,0,-0.41
SBIN.NS,2026-04-13,1042.0,1067.25,1030.0,1063.55,17763348,0.0,0,0,0,1,0.75
SBIN.NS,2026-04-10,1049.0,1069.45,1046.15,1066.7,17861336,0.0,0,0,0,0,-0.3
SBIN.NS,2026-04-09,1060.1,1064.35,1038.3,1040.95,24772948,0.0,0,0,0,1,2.47
SBIN.NS,2026-04-08,1074.0,1077.8,1059.45,1061.45,28533742,0.0,0,0,0,0,-1.93
SBIN.NS,2026-04-07,1025.0,1033.7,1012.0,1030.4,15021291,0.0,0,0,0,1,3.01
SBIN.NS,2026-04-06,1020.0,1035.7,1005.05,1032.75,23576634,0.0,0,0,0,0,-0.23
SBIN.NS,2026-04-02,1000.0,1026.0,977.9,1018.4,20777629,0.0,0,0,0,1,1.41
SBIN.NS,2026-04-01,1008.0,1031.0,998.45,1017.8,17424479,0.0,0,0,0,1,0.06
SBIN.NS,2026-03-30,1005.0,1009.4,975.8,979.4,21438137,0.0,0,0,0,1,3.92
SBIN.NS,2026-03-27,1051.3,1055.3,1013.0,1019.5,20445349,0.0,0,0,0,0,-3.93
SBIN.NS,2026-03-25,1043.0,1065.5,1043.0,1060.6,16205333,0.0,0,0,0,0,-3.88
SBIN.NS,2026-03-24,1055.2,1059.0,1020.0,1030.8,30416734,0.0,0,0,0,1,2.89
SBIN.NS,2026-03-23,1039.0,1045.6,1014.2,1031.9,16039603,0.0,0,0,0,0,-0.11
SBIN.NS,2026-03-20,1058.4,1085.0,1054.0,1058.0,17748625,1.0,2,2,0,0,-2.47
SBIN.NS,2026-03-19,1049.5,1059.7,1041.0,1048.9,13431191,0.0,0,0,0,1,0.87
SBIN.NS,2026-03-18,1067.5,1075.4,1061.3,1069.8,10749915,0.0,0,0,0,0,-1.95
SBIN.NS,2026-03-17,1073.9,1073.9,1047.0,1064.7,16427877,0.0,0,0,0,1,0.48
SBIN.NS,2026-03-16,1048.7,1073.0,1036.1,1066.7,15322269,0.0,0,0,0,0,-0.19
SBIN.NS,2026-03-13,1077.5,1081.3,1042.3,1047.0,15978675,-0.5,2,0,1,1,1.88
SBIN.NS,2026-03-12,1075.1,1098.0,1070.5,1085.2,14614140,0.0,0,0,0,0,-3.52
SBIN.NS,2026-03-11,1113.4,1115.9,1088.0,1091.1,8364878,0.0,0,0,0,0,-0.54
SBIN.NS,2026-03-10,1111.1,1119.9,1104.5,1112.2,17491459,0.0,0,0,0,0,-1.9
SBIN.NS,2026-03-09,1115.0,1115.0,1064.3,1098.5,24631198,-1.0,1,0,1,1,1.25
SBIN.NS,2026-03-06,1168.5,1169.3,1138.0,1143.0,20333328,0.0,0,0,0,0,-3.89
SBIN.NS,2026-03-05,1181.0,1183.2,1150.6,1169.5,22100665,0.0,0,0,0,0,-2.27
SBIN.NS,2026-03-04,1172.1,1182.7,1157.6,1174.5,13855065,0.0,0,0,0,0,-0.43
SBIN.NS,2026-03-02,1185.0,1197.3,1179.4,1189.9,16270835,0.0,0,0,0,0,-1.29
SBIN.NS,2026-02-27,1207.0,1211.8,1198.6,1201.7,10700355,0.0,0,0,0,0,-0.98
SBIN.NS,2026-02-26,1201.0,1215.4,1188.9,1209.5,16196052,0.0,0,0,0,0,-0.64
SBIN.NS,2026-02-25,1228.1,1228.1,1197.5,1200.1,19581100,0.0,0,0,0,1,0.78
SBIN.NS,2026-02-24,1232.0,1234.7,1219.7,1223.3,15788449,0.0,0,0,0,0,-1.9
SBIN.NS,2026-02-23,1222.0,1231.1,1217.1,1227.8,9733835,0.0,1,0,0,0,-0.37
SBIN.NS,2026-02-20,1206.2,1218.0,1201.8,1216.1,9958162,0.0,0,0,0,1,0.96
SBIN.NS,2026-02-19,1222.9,1224.9,1199.2,1205.7,9630899,0.0,0,0,0,1,0.86
SBIN.NS,2026-02-18,1218.8,1224.1,1214.0,1218.9,10417264,0.0,0,0,0,0,-1.08
SBIN.NS,2026-02-17,1206.1,1225.5,1204.1,1213.4,20107196,0.0,0,0,0,1,0.45
SBIN.NS,2026-02-16,1194.0,1212.3,1185.3,1208.1,14972739,0.0,0,0,0,1,0.44
SBIN.NS,2026-02-13,1189.0,1201.0,1184.5,1198.6,18141390,0.0,0,0,0,1,0.79
SBIN.NS,2026-02-12,1183.0,1203.7,1174.8,1192.4,33214985,0.0,0,0,0,1,0.52
SBIN.NS,2026-02-11,1144.7,1187.5,1142.8,1182.9,29491859,0.0,0,0,0,1,0.8
SBIN.NS,2026-02-10,1151.0,1154.0,1138.1,1144.1,17280036,0.0,0,0,0,1,3.39
SBIN.NS,2026-02-09,1120.0,1150.0,1100.5,1146.0,40852966,1.0,3,3,0,0,-0.17
SBIN.NS,2026-02-06,1070.0,1073.6,1051.0,1066.4,7041557,0.0,0,0,0,1,7.46
SBIN.NS,2026-02-05,1068.2,1081.0,1067.5,1073.5,9551567,0.0,0,0,0,0,-0.66
SBIN.NS,2026-02-04,1064.2,1073.9,1056.3,1068.2,7312276,0.0,0,0,0,1,0.5
SBIN.NS,2026-02-03,1087.0,1089.8,1040.3,1064.2,16129381,0.0,0,0,0,1,0.38
SBIN.NS,2026-02-02,1019.9,1031.3,990.0,1028.7,14434549,0.0,0,0,0,1,3.45
SBIN.NS,2026-01-30,1064.0,1082.5,1060.4,1077.15,9480769,0.0,0,0,0,0,-4.5
SBIN.NS,2026-01-29,1063.0,1075.0,1060.3,1066.2,14800724,0.0,0,0,0,1,1.03
SBIN.NS,2026-01-28,1059.4,1065.6,1044.15,1063.5,12171257,0.0,0,0,0,1,0.25
SBIN.NS,2026-01-27,1034.1,1055.0,1030.25,1053.15,14420630,0.0,0,0,0,1,0.98
SBIN.NS,2026-01-23,1051.9,1053.0,1025.6,1029.5,10917698,0.0,0,0,0,1,2.3
SBIN.NS,2026-01-22,1035.0,1055.5,1034.05,1048.35,12001641,0.0,0,0,0,0,-1.8
SBIN.NS,2026-01-21,1032.0,1040.6,1022.0,1028.65,7408949,0.0,0,0,0,1,1.92
SBIN.NS,2026-01-20,1039.75,1052.0,1033.05,1036.4,8905718,0.0,0,0,0,0,-0.75
SBIN.NS,2026-01-19,1035.0,1043.6,1034.0,1038.4,5460164,0.0,0,0,0,0,-0.19
SBIN.NS,2026-01-16,1032.0,1047.45,1028.4,1042.3,11051580,0.0,0,0,0,0,-0.37
SBIN.NS,2026-01-14,1030.0,1030.4,1020.5,1028.35,7370514,0.0,0,0,0,1,1.36
SBIN.NS,2026-01-13,1022.8,1029.5,1016.0,1028.45,11016895,0.0,0,0,0,0,-0.01
SBIN.NS,2026-01-12,1008.0,1017.25,996.0,1015.15,7617922,0.0,0,0,0,1,1.31
SBIN.NS,2026-01-09,996.0,1008.0,994.0,1000.5,7809460,0.0,0,0,0,1,1.46
SBIN.NS,2026-01-08,1006.6,1011.6,995.85,998.0,6854268,0.0,0,0,0,1,0.25
SBIN.NS,2026-01-07,1022.7,1022.7,1004.0,1007.15,7896720,0.0,0,0,0,0,-0.91
SBIN.NS,2026-01-06,1007.95,1024.0,1004.95,1018.9,9575742,0.0,0,0,0,0,-1.15
SBIN.NS,2026-01-05,1000.0,1015.5,1000.0,1005.55,11259060,0.0,0,0,0,1,1.33
SBIN.NS,2026-01-02,984.5,1009.5,983.95,998.95,7357435,0.0,0,0,0,1,0.66
SBIN.NS,2026-01-01,983.2,987.65,980.35,984.75,4328348,0.0,0,0,0,1,1.44
SBIN.NS,2025-12-31,975.25,985.65,973.5,982.2,5807630,0.0,0,0,0,1,0.26
SBIN.NS,2025-12-30,963.0,976.2,959.5,973.45,15030644,0.0,0,0,0,1,0.9
SBIN.NS,2025-12-29,966.9,968.9,961.45,965.05,5267233,0.0,0,0,0,1,0.87
SBIN.NS,2025-12-26,968.95,971.0,964.75,966.3,3286321,0.0,0,0,0,0,-0.13
SBIN.NS,2025-12-24,973.2,977.3,967.5,968.95,4105643,0.0,0,0,0,0,-0.27
SBIN.NS,2025-12-23,976.3,977.55,970.7,971.9,5123287,0.0,0,0,0,0,-0.3
SBIN.NS,2025-12-22,981.1,983.0,972.55,974.3,5959037,0.0,0,0,0,0,-0.25
SBIN.NS,2025-12-19,979.95,982.0,977.05,980.3,5376584,0.0,0,0,0,0,-0.61
SBIN.NS,2025-12-18,977.9,981.45,973.5,977.55,4926879,0.0,0,0,0,1,0.28
SBIN.NS,2025-12-17,965.55,978.5,964.3,975.85,8013382,0.0,0,0,0,1,0.17
SBIN.NS,2025-12-16,966.05,969.0,958.05,961.15,4764786,0.0,0,0,0,1,1.53
SBIN.NS,2025-12-15,957.25,968.85,957.25,967.25,4416952,0.0,0,0,0,0,-0.63
SBIN.NS,2025-12-12,966.0,967.0,958.0,963.15,5681930,0.0,0,0,0,1,0.43
SBIN.NS,2025-12-11,962.1,966.5,958.45,963.25,5979035,0.0,0,0,0,0,-0.01
SBIN.NS,2025-12-10,960.1,963.95,955.25,959.75,6989178,0.0,0,0,0,1,0.36
SBIN.NS,2025-12-09,954.8,964.0,950.45,959.35,9580294,0.0,0,0,0,1,0.04
SBIN.NS,2025-12-08,970.85,972.5,951.7,956.4,15386438,0.0,0,0,0,1,0.31
SBIN.NS,2025-12-05,948.85,973.3,946.7,971.5,17347847,0.0,0,0,0,0,-1.55
SBIN.NS,2025-12-04,951.05,952.55,944.45,948.1,13622724,0.0,0,0,0,1,2.47
SBIN.NS,2025-12-03,970.45,972.55,947.55,951.05,14051968,0.0,0,0,0,0,-0.31
SBIN.NS,2025-12-02,976.0,980.45,964.9,967.3,13444314,0.0,0,0,0,0,-1.68
SBIN.NS,2025-12-01,985.45,991.2,969.85,973.1,8808306,0.0,0,0,0,0,-0.6
SBIN.NS,2025-11-28,976.8,983.0,973.05,979.0,8117842,0.0,0,0,0,0,-0.6
SBIN.NS,2025-11-27,986.7,988.55,968.9,972.85,11909168,0.0,0,0,0,1,0.63
SBIN.NS,2025-11-26,986.6,999.0,982.15,983.9,13943490,0.0,0,0,0,0,-1.12
SBIN.NS,2025-11-25,975.55,988.95,971.35,983.6,9140201,0.0,0,0,0,1,0.03
SBIN.NS,2025-11-24,975.55,977.7,968.05,970.6,9901946,0.0,0,0,0,1,1.34
SBIN.NS,2025-11-21,979.7,980.6,971.05,972.6,5377241,0.0,0,0,0,0,-0.21
SBIN.NS,2025-11-20,986.0,986.6,979.35,981.55,6440857,0.0,0,0,0,0,-0.91
SBIN.NS,2025-11-19,972.45,984.45,968.8,982.75,8291226,0.0,0,0,0,0,-0.12
SBIN.NS,2025-11-18,975.6,976.7,968.85,972.45,6594686,0.0,0,0,0,1,1.06
SBIN.NS,2025-11-17,971.0,976.0,968.5,973.35,7415026,0.0,0,0,0,0,-0.09
SBIN.NS,2025-11-14,952.95,969.05,952.0,967.85,11032927,0.0,0,0,0,1,0.57
SBIN.NS,2025-11-13,954.25,963.95,952.45,954.0,8894441,0.0,0,0,0,1,1.45
SBIN.NS,2025-11-12,957.7,961.55,951.4,957.15,7043323,0.0,0,0,0,0,-0.33
SBIN.NS,2025-11-11,953.6,954.95,945.05,953.3,8648917,0.0,0,0,0,1,0.4
SBIN.NS,2025-11-10,956.0,963.2,949.1,951.15,7343249,0.0,0,0,0,1,0.23
SBIN.NS,2025-11-07,958.75,964.85,944.0,955.85,13371323,0.0,0,0,0,0,-0.49
SBIN.NS,2025-11-06,969.65,971.4,955.3,960.75,23088096,0.0,0,0,0,0,-0.51
SBIN.NS,2025-11-04,951.0,959.3,941.5,957.6,19154518,0.0,0,0,0,1,0.33
SBIN.NS,2025-11-03,938.75,953.4,937.5,949.7,11744735,0.0,0,0,0,1,0.83
SBIN.NS,2025-10-31,934.9,946.7,930.25,937.0,12078252,0.0,0,0,0,1,1.36
SBIN.NS,2025-10-30,939.45,944.9,933.05,934.35,13044473,0.0,0,0,0,1,0.28
SBIN.NS,2025-10-29,933.9,942.05,930.25,939.75,12314222,0.0,0,0,0,0,-0.57
SBIN.NS,2025-10-28,927.1,935.85,917.7,930.25,22066289,0.0,0,0,0,1,1.02
SBIN.NS,2025-10-27,906.95,928.0,906.0,922.75,9150761,0.0,0,0,0,1,0.81
SBIN.NS,2025-10-24,910.95,914.1,900.95,904.5,5313227,0.0,0,0,0,1,2.02
SBIN.NS,2025-10-23,912.0,918.0,904.8,911.55,13382769,0.0,0,0,0,0,-0.77
SBIN.NS,2025-10-21,908.0,910.0,906.4,907.85,1783576,0.0,0,0,0,1,0.41
SBIN.NS,2025-10-20,894.6,913.65,891.05,907.5,13546463,0.0,0,0,0,1,0.04
SBIN.NS,2025-10-17,887.5,894.75,883.0,889.15,8511854,0.0,0,0,0,1,2.06
SBIN.NS,2025-10-16,888.3,891.85,882.45,886.95,8493686,0.0,0,0,0,1,0.25
SBIN.NS,2025-10-15,878.1,887.5,877.05,886.1,8269225,0.0,0,0,0,1,0.1
SBIN.NS,2025-10-14,883.0,884.15,872.1,876.95,7681973,0.0,0,0,0,1,1.04
SBIN.NS,2025-10-13,879.0,888.1,876.0,882.95,11923143,0.0,0,0,0,0,-0.68
SBIN.NS,2025-10-10,862.1,883.75,861.3,880.65,13713015,0.0,0,0,0,1,0.26
SBIN.NS,2025-10-09,861.6,865.8,858.1,862.1,7020501,0.0,0,0,0,1,2.15
SBIN.NS,2025-10-08,866.8,867.8,857.25,858.25,7156112,0.0,0,0,0,1,0.45
SBIN.NS,2025-10-07,874.15,877.0,863.0,864.7,9242580,0.0,0,0,0,0,-0.75
SBIN.NS,2025-10-06,868.0,875.3,862.8,874.05,7820352,0.0,0,0,0,0,-1.07
SBIN.NS,2025-10-03,865.15,873.0,863.8,867.3,8019442,0.0,0,0,0,1,0.78
SBIN.NS,2025-10-01,872.3,876.45,862.8,864.1,10832384,0.0,0,0,0,1,0.37
SBIN.NS,2025-09-30,869.95,877.6,867.6,872.45,12831593,0.0,0,0,0,0,-0.96
SBIN.NS,2025-09-29,858.05,873.5,856.0,870.75,22641712,0.0,0,0,0,1,0.2
SBIN.NS,2025-09-26,862.0,864.35,853.0,856.95,6959545,0.0,0,0,0,1,1.61
SBIN.NS,2025-09-25,866.55,870.15,859.95,861.15,8678821,0.0,0,0,0,0,-0.49
SBIN.NS,2025-09-24,876.0,880.5,864.45,866.2,12840160,0.0,0,0,0,0,-0.58
SBIN.NS,2025-09-23,854.6,874.25,851.2,870.6,14357863,0.0,0,0,0,0,-0.51
SBIN.NS,2025-09-22,862.0,868.2,854.0,855.25,6594034,0.0,0,0,0,1,1.79
SBIN.NS,2025-09-19,852.0,864.45,849.3,862.35,15206426,0.0,0,0,0,0,-0.82
SBIN.NS,2025-09-18,858.65,860.8,851.1,854.35,10400847,0.0,0,0,0,1,0.94
SBIN.NS,2025-09-17,834.3,858.15,831.0,857.15,17243938,0.0,0,0,0,0,-0.33
TCS.NS,2026-09-18,2177.2,2177.3,2101.2,2105.0,6875428,-0.5,8,0,4,,
TCS.NS,2026-09-17,2171.0,2263.6,2162.5,2190.0,3293447,-0.083,12,0,1,0,-3.88
TCS.NS,2026-09-16,2270.0,2273.9,2172.0,2188.8,2763709,-0.667,3,0,2,1,0.05
TCS.NS,2026-09-15,2275.5,2323.0,2251.0,2251.0,5406210,0.286,14,5,1,0,-2.76
TCS.NS,2026-09-11,2185.5,2232.6,2185.5,2200.8,2634124,1.0,2,2,0,1,2.28
TCS.NS,2026-09-10,2199.0,2232.0,2190.6,2204.1,2490912,0.0,2,0,0,0,-0.15
TCS.NS,2026-09-09,2237.0,2237.0,2193.2,2208.0,3370071,0.0,0,0,0,0,-0.18
TCS.NS,2026-09-08,2270.0,2274.5,2244.0,2255.5,2148114,0.0,2,0,0,0,-2.11
TCS.NS,2026-09-07,2290.1,2299.9,2260.1,2270.0,2297551,0.0,1,0,0,0,-0.64
TCS.NS,2026-09-04,2330.0,2363.9,2302.4,2304.0,2564322,0.0,0,0,0,0,-1.48
TCS.NS,2026-09-03,2353.6,2353.6,2316.1,2320.1,1892786,-1.0,2,0,2,0,-0.69
TCS.NS,2026-09-02,2347.9,2363.0,2303.5,2348.0,2533005,0.0,1,0,0,0,-1.19
TCS.NS,2026-09-01,2355.0,2372.0,2325.0,2369.0,2678034,0.0,0,0,0,0,-0.89
TCS.NS,2026-08-31,2342.0,2399.3,2306.2,2399.3,2905846,0.0,2,0,0,0,-1.26
TCS.NS,2026-08-28,2272.0,2348.5,2263.3,2342.0,4054069,1.0,4,4,0,1,2.45
TCS.NS,2026-08-27,2270.0,2283.6,2243.9,2248.4,1709113,1.0,1,1,0,1,4.16
TCS.NS,2026-08-26,2305.1,2306.3,2266.4,2270.0,1660737,0.5,2,1,0,0,-0.95
TCS.NS,2026-08-25,2305.0,2313.5,2262.0,2296.2,3041609,0.389,9,4,1,0,-1.14
TCS.NS,2026-08-24,2302.4,2321.6,2279.5,2284.1,1542723,0.312,8,3,1,1,0.53
TCS.NS,2026-08-21,2290.1,2307.2,2263.3,2302.0,2066749,-0.8,5,0,4,0,-0.78
TCS.NS,2026-08-20,2319.4,2329.0,2288.1,2298.0,2047848,0.0,0,0,0,1,0.17
TCS.NS,2026-08-19,2293.6,2308.2,2258.3,2289.0,3368922,-1.0,1,0,1,1,0.39
TCS.NS,2026-08-18,2300.0,2307.0,2280.0,2280.0,1797822,0.0,0,0,0,1,0.39
TCS.NS,2026-08-17,2351.0,2361.1,2310.6,2313.2,2237636,-1.0,2,0,2,0,-1.44
TCS.NS,2026-08-14,2375.1,2390.0,2333.4,2361.0,2232160,0.0,0,0,0,0,-2.02
TCS.NS,2026-08-13,2349.7,2375.0,2332.3,2375.0,2123494,-0.266,5,0,2,0,-0.59
TCS.NS,2026-08-12,2445.7,2445.8,2300.1,2349.7,7022647,-0.583,12,1,8,1,1.08
TCS.NS,2026-08-11,2438.0,2456.6,2428.0,2445.7,1514105,0.0,0,0,0,0,-3.93
TCS.NS,2026-08-10,2452.7,2472.9,2423.5,2425.7,2322023,0.0,0,0,0,1,0.82
TCS.NS,2026-08-07,2375.0,2457.7,2375.0,2452.7,4547979,1.0,1,1,0,0,-1.1
TCS.NS,2026-08-06,2417.0,2434.5,2368.5,2373.0,2729141,0.0,0,0,0,1,3.36
TCS.NS,2026-08-05,2460.0,2460.9,2408.0,2413.0,3014409,0.0,0,0,0,0,-1.66
TCS.NS,2026-08-04,2463.1,2467.4,2435.1,2460.0,2792792,0.0,0,0,0,0,-1.91
TCS.NS,2026-08-03,2383.9,2473.7,2383.0,2473.7,3036839,0.0,0,0,0,0,-0.55
TCS.NS,2026-07-31,2385.0,2391.0,2326.1,2365.6,4343683,-1.0,1,0,1,1,4.57
TCS.NS,2026-07-30,2440.0,2495.0,2423.0,2431.8,4901582,0.0,0,0,0,0,-2.72
TCS.NS,2026-07-29,2440.0,2475.5,2415.1,2446.6,7169419,0.5,2,1,0,0,-0.6
TCS.NS,2026-07-28,2325.0,2417.4,2323.0,2398.0,8248513,0.0,0,0,0,1,2.03
TCS.NS,2026-07-27,2286.0,2315.0,2272.4,2295.6,4007292,1.0,5,5,0,1,4.46
TCS.NS,2026-07-24,2205.1,2264.3,2205.1,2254.3,3211699,0.0,1,0,0,1,1.83
TCS.NS,2026-07-23,2204.0,2250.0,2193.6,2242.9,2503539,0.0,0,0,0,1,0.51
TCS.NS,2026-07-22,2216.0,2226.8,2201.0,2208.3,1599665,0.0,0,0,0,1,1.57
TCS.NS,2026-07-21,2245.1,2259.9,2218.5,2221.1,2382160,-0.33,1,0,1,0,-0.58
TCS.NS,2026-07-20,2280.1,2283.4,2245.1,2251.1,2202693,0.0,0,0,0,0,-1.33
TCS.NS,2026-07-17,2224.8,2275.0,2215.1,2269.0,5615138,0.0,2,0,0,0,-0.79
TCS.NS,2026-07-16,2206.0,2231.4,2187.8,2201.0,5197595,0.0,1,0,0,1,3.09
TCS.NS,2026-07-15,2174.1,2202.9,2145.4,2189.2,5426489,0.0,0,0,0,1,0.54
TCS.NS,2026-07-14,2182.9,2228.0,2179.0,2200.6,9546290,1.0,1,1,0,0,-0.52
TCS.NS,2026-07-13,2075.0,2204.9,2065.1,2181.5,12382622,0.588,17,11,1,1,0.88
TCS.NS,2026-07-10,2105.2,2133.3,2064.6,2069.0,6714551,0.667,12,8,0,1,5.44
TCS.NS,2026-07-09,2057.5,2065.0,2016.0,2049.5,3791498,0.462,13,8,2,1,0.95
TCS.NS,2026-07-08,2094.0,2109.7,2048.8,2057.5,3666985,0.0,0,0,0,0,-0.39
TCS.NS,2026-07-07,2050.0,2122.7,2049.0,2096.1,4769048,0.0,0,0,0,0,-1.84
TCS.NS,2026-07-06,2090.0,2093.0,2050.6,2057.6,2567386,0.0,0,0,0,1,1.87
TCS.NS,2026-07-03,2100.0,2116.6,2085.0,2093.5,4028819,0.0,0,0,0,0,-1.71
TCS.NS,2026-07-02,2008.0,2076.9,2002.5,2068.1,6040621,0.0,0,0,0,1,1.23
TCS.NS,2026-07-01,2039.9,2052.0,1976.8,1982.6,4658295,0.0,0,0,0,1,4.31
TCS.NS,2026-06-30,2090.0,2104.3,2018.8,2031.5,6848411,0.0,0,0,0,0,-2.41
TCS.NS,2026-06-29,2090.0,2105.0,2071.0,2097.9,3412470,0.0,0,0,0,0,-3.17
TCS.NS,2026-06-25,2133.6,2148.5,2088.0,2094.7,4738903,0.0,1,0,0,1,0.15
TCS.NS,2026-06-24,2061.0,2120.7,2061.0,2109.0,4747277,0.0,0,0,0,0,-0.68
TCS.NS,2026-06-23,2111.0,2114.0,2055.0,2059.6,6392736,0.0,0,0,0,1,2.4
TCS.NS,2026-06-22,2132.2,2157.0,2121.0,2127.8,4566101,0.0,1,0,0,0,-3.21
TCS.NS,2026-06-19,2105.0,2138.0,2059.9,2125.0,13286502,0.0,0,0,0,1,0.13
TCS.NS,2026-06-18,2209.0,2214.0,2182.0,2203.3,3735188,0.0,0,0,0,0,-3.55
TCS.NS,2026-06-17,2209.0,2231.0,2200.7,2223.0,2865010,-1.0,1,0,1,0,-0.89
TCS.NS,2026-06-16,2167.0,2209.0,2160.6,2199.0,3079898,0.0,0,0,0,1,1.09
TCS.NS,2026-06-15,2192.0,2192.0,2159.3,2162.0,3337083,0.0,0,0,0,1,1.71
TCS.NS,2026-06-12,2150.0,2168.0,2138.0,2161.4,2124656,0.0,0,0,0,1,0.03
TCS.NS,2026-06-11,2127.0,2154.6,2110.0,2135.6,3079815,0.0,0,0,0,1,1.21
TCS.NS,2026-06-10,2151.3,2180.8,2144.8,2153.9,2848650,0.0,0,0,0,0,-0.85
TCS.NS,2026-06-09,2174.0,2174.0,2132.8,2151.0,4148655,0.0,0,0,0,1,0.13
TCS.NS,2026-06-08,2170.0,2177.0,2143.3,2151.4,6536734,-1.0,2,0,2,0,-0.02
TCS.NS,2026-06-05,2262.9,2271.8,2192.0,2198.9,5019717,0.0,0,0,0,0,-2.16
TCS.NS,2026-06-04,2241.7,2253.1,2216.6,2241.0,4867263,0.0,0,0,0,0,-1.88
TCS.NS,2026-06-03,2393.0,2393.0,2224.8,2241.7,15660062,-1.0,3,0,3,0,-0.03
TCS.NS,2026-06-02,2320.0,2457.4,2316.2,2446.9,11306127,0.0,0,0,0,0,-8.39
TCS.NS,2026-06-01,2284.0,2335.0,2280.0,2297.4,7505095,0.0,0,0,0,1,6.51
TCS.NS,2026-05-29,2291.0,2334.0,2235.0,2258.9,16331582,0.0,0,0,0,1,1.7
TCS.NS,2026-05-27,2275.0,2295.6,2260.9,2284.2,2653950,0.0,0,0,0,0,-1.11
TCS.NS,2026-05-26,2308.2,2327.9,2272.4,2276.2,3587597,0.0,0,0,0,1,0.35
TCS.NS,2026-05-25,2325.0,2326.1,2293.0,2308.2,3298364,0.0,0,0,0,0,-1.39
TCS.NS,2026-05-22,2331.1,2340.0,2308.1,2317.3,2617262,0.0,0,0,0,0,-0.39
TCS.NS,2026-05-21,2331.0,2335.9,2314.0,2327.2,3299087,0.0,0,0,0,0,-0.43
TCS.NS,2026-05-20,2323.9,2342.0,2317.8,2327.4,2537422,1.0,1,1,0,0,-0.01
TCS.NS,2026-05-19,2300.0,2377.6,2297.1,2327.1,10394707,0.0,0,0,0,1,0.01
TCS.NS,2026-05-18,2264.0,2292.9,2252.2,2283.2,3773336,0.0,0,0,0,1,1.92
TCS.NS,2026-05-15,2252.0,2304.9,2252.0,2264.0,3410637,0.0,0,0,0,1,0.85
TCS.NS,2026-05-14,2265.0,2265.0,2206.4,2246.0,5633313,-1.0,1,0,1,1,0.8
TCS.NS,2026-05-13,2306.0,2309.2,2269.0,2272.8,3171843,0.0,0,0,0,0,-1.18
TCS.NS,2026-05-12,2375.0,2375.0,2283.0,2300.3,6347884,0.0,0,0,0,0,-1.2
TCS.NS,2026-05-11,2371.0,2415.0,2371.0,2392.9,1975188,0.0,0,0,0,0,-3.87
TCS.NS,2026-05-08,2398.0,2407.0,2375.1,2394.4,3792199,0.0,0,0,0,0,-0.06
TCS.NS,2026-05-07,2438.2,2439.7,2398.0,2401.4,5829594,0.0,0,0,0,0,-0.29
TCS.NS,2026-05-06,2441.9,2471.0,2406.5,2435.4,3147628,0.0,0,0,0,0,-1.4
TCS.NS,2026-05-05,2430.0,2460.4,2412.2,2427.3,3385720,0.0,0,0,0,1,0.33
TCS.NS,2026-05-04,2494.0,2498.3,2425.0,2431.3,2632358,0.0,0,0,0,0,-0.16
TCS.NS,2026-04-30,2479.0,2491.0,2438.0,2473.9,3970446,0.0,0,0,0,0,-1.72
TCS.NS,2026-04-29,2451.0,2487.9,2447.6,2474.7,2835961,0.0,0,0,0,0,-0.03
TCS.NS,2026-04-28,2444.0,2487.0,2427.4,2444.7,4508363,0.0,0,0,0,1,1.23
TCS.NS,2026-04-27,2396.9,2459.0,2396.9,2447.6,5853425,0.0,0,0,0,0,-0.12
TCS.NS,2026-04-24,2488.0,2505.0,2388.8,2396.9,5107719,0.0,0,0,0,1,2.12
TCS.NS,2026-04-23,2529.0,2559.5,2516.3,2521.8,2509050,0.0,0,0,0,0,-4.95
TCS.NS,2026-04-22,2580.0,2580.0,2503.6,2538.5,5232045,0.0,0,0,0,0,-0.66
TCS.NS,2026-04-21,2560.0,2614.0,2560.0,2610.5,2719959,0.0,0,0,0,0,-2.76
TCS.NS,2026-04-20,2587.1,2594.0,2561.2,2579.6,2288558,0.0,0,0,0,1,1.2
TCS.NS,2026-04-17,2570.0,2589.0,2555.9,2581.5,2718206,0.0,0,0,0,0,-0.07
TCS.NS,2026-04-16,2572.0,2594.0,2558.0,2576.9,3905403,0.0,0,0,0,1,0.18
TCS.NS,2026-04-15,2501.9,2559.0,2493.4,2554.9,5261384,0.0,0,0,0,1,0.86
TCS.NS,2026-04-13,2489.9,2504.9,2470.0,2472.6,3739587,0.0,0,0,0,1,3.33
TCS.NS,2026-04-10,2565.8,2565.8,2501.1,2524.3,10480239,0.0,0,0,0,0,-2.05
TCS.NS,2026-04-09,2554.0,2605.0,2531.1,2589.0,5628261,0.0,0,0,0,0,-2.5
TCS.NS,2026-04-08,2572.0,2580.3,2540.1,2559.2,4769337,0.0,0,0,0,1,1.16
TCS.NS,2026-04-07,2461.0,2543.9,2448.0,2539.8,4516550,0.0,0,0,0,1,0.76
TCS.NS,2026-04-06,2474.0,2482.0,2448.2,2473.9,2572417,0.0,0,0,0,1,2.66
TCS.NS,2026-04-02,2386.0,2469.9,2375.7,2450.7,5378361,0.0,0,0,0,1,0.95
TCS.NS,2026-04-01,2429.0,2472.0,2397.9,2408.2,4132661,0.0,0,0,0,1,1.76
TCS.NS,2026-03-30,2375.1,2398.0,2346.2,2358.9,6804756,0.0,0,0,0,1,2.09
TCS.NS,2026-03-27,2403.9,2422.1,2385.0,2389.8,4979411,0.0,0,0,0,0,-1.29
TCS.NS,2026-03-25,2400.9,2421.6,2369.8,2377.4,5843778,0.0,0,0,0,1,0.52
TCS.NS,2026-03-24,2404.1,2435.4,2379.1,2398.8,3420182,0.0,0,0,0,0,-0.89
TCS.NS,2026-03-23,2365.0,2406.8,2348.0,2383.8,3860515,0.0,0,0,0,1,0.63
TCS.NS,2026-03-20,2386.0,2407.8,2364.2,2390.6,4206320,0.0,0,0,0,0,-0.28
TCS.NS,2026-03-19,2417.0,2424.0,2350.2,2356.0,2757060,0.0,0,0,0,1,1.47
TCS.NS,2026-03-18,2410.0,2482.9,2410.0,2440.8,3082388,0.0,0,0,0,0,-3.47
TCS.NS,2026-03-17,2420.0,2420.0,2360.0,2391.7,2993367,0.0,0,0,0,1,2.05
TCS.NS,2026-03-16,2410.0,2425.0,2366.1,2409.2,3807907,0.0,0,0,0,0,-0.73
TCS.NS,2026-03-13,2437.0,2445.9,2397.0,2410.5,2466488,0.0,0,0,0,0,-0.05
TCS.NS,2026-03-12,2459.8,2472.9,2436.0,2442.4,2752075,0.0,0,0,0,0,-1.31
TCS.NS,2026-03-11,2508.1,2521.0,2460.1,2464.9,2720664,0.0,0,0,0,0,-0.91
TCS.NS,2026-03-10,2541.0,2545.2,2490.1,2513.1,4323710,0.0,0,0,0,0,-1.92
TCS.NS,2026-03-09,2530.0,2560.0,2505.0,2527.4,3653428,0.0,0,0,0,0,-0.57
TCS.NS,2026-03-06,2572.0,2619.2,2553.6,2557.6,3998643,0.0,0,0,0,0,-1.18
TCS.NS,2026-03-05,2600.0,2609.5,2546.4,2578.8,2960636,0.0,0,0,0,0,-0.82
TCS.NS,2026-03-04,2625.0,2635.0,2580.4,2587.8,3446434,0.0,0,0,0,0,-0.35
TCS.NS,2026-03-02,2592.0,2623.8,2580.3,2613.5,3374385,0.0,0,0,0,0,-0.98
TCS.NS,2026-02-27,2681.6,2688.6,2626.1,2637.4,5083717,0.0,0,0,0,0,-0.91
TCS.NS,2026-02-26,2650.0,2671.0,2635.0,2647.7,3464267,0.0,0,0,0,0,-0.39
TCS.NS,2026-02-25,2596.0,2654.2,2595.0,2629.3,3621285,0.0,0,0,0,1,0.7
TCS.NS,2026-02-24,2641.0,2647.5,2561.3,2573.7,7798833,0.0,0,0,0,1,2.16
TCS.NS,2026-02-23,2686.0,2704.0,2660.2,2676.3,4699596,0.0,0,0,0,0,-3.83
TCS.NS,2026-02-20,2667.0,2702.6,2647.5,2686.2,2293482,0.0,0,0,0,0,-0.37
TCS.NS,2026-02-19,2708.0,2748.7,2666.6,2677.9,3238849,0.0,0,0,0,1,0.31
TCS.NS,2026-02-18,2730.0,2730.0,2657.3,2694.9,2950820,0.0,0,0,0,0,-0.63
TCS.NS,2026-02-17,2716.0,2760.0,2695.2,2717.4,4209118,0.0,0,0,0,0,-0.83
TCS.NS,2026-02-16,2700.0,2719.8,2671.0,2706.6,2918730,0.0,0,0,0,1,0.4
TCS.NS,2026-02-13,2585.0,2713.0,2585.0,2692.2,11168735,0.0,0,0,0,1,0.53
TCS.NS,2026-02-12,2869.8,2880.0,2740.0,2750.1,10612156,0.0,0,0,0,0,-2.11
TCS.NS,2026-02-11,2980.0,2998.0,2904.2,2909.8,3363513,0.0,0,0,0,0,-5.49
TCS.NS,2026-02-10,2949.8,3011.6,2943.5,2984.6,3547763,0.0,0,0,0,0,-2.51
TCS.NS,2026-02-09,2959.1,2977.0,2937.5,2948.2,2380318,0.0,0,0,0,1,1.23
TCS.NS,2026-02-06,2976.6,2985.0,2916.0,2941.6,4687389,0.0,0,0,0,1,0.22
TCS.NS,2026-02-05,2990.0,3029.7,2972.3,2991.5,3521545,0.0,0,0,0,0,-1.67
TCS.NS,2026-02-04,3120.0,3120.0,2986.0,2999.1,10852595,0.0,0,0,0,0,-0.25
TCS.NS,2026-02-03,3350.0,3350.0,3186.3,3225.3,4366060,0.0,0,0,0,0,-7.01
TCS.NS,2026-02-02,3198.0,3198.0,3134.0,3169.6,2636272,0.0,0,0,0,1,1.76
TCS.NS,2026-01-30,3141.0,3141.0,3092.0,3123.9,3022068,0.0,0,0,0,1,1.46
TCS.NS,2026-01-29,3200.1,3200.1,3125.6,3144.4,2457641,0.0,0,0,0,0,-0.65
TCS.NS,2026-01-28,3176.0,3205.2,3170.6,3200.1,2751234,0.0,0,0,0,0,-1.74
TCS.NS,2026-01-27,3175.0,3175.0,3130.0,3158.0,4279874,0.0,0,0,0,1,1.33
TCS.NS,2026-01-23,3190.3,3194.5,3152.0,3162.5,2068857,0.0,0,0,0,0,-0.14
TCS.NS,2026-01-22,3150.0,3160.0,3122.3,3150.4,2269827,0.0,0,0,0,1,0.38
TCS.NS,2026-01-21,3100.0,3138.5,3082.0,3122.6,2015150,0.0,0,0,0,1,0.89
TCS.NS,2026-01-20,3151.6,3160.0,3091.1,3102.3,4499273,0.0,0,0,0,1,0.65
TCS.NS,2026-01-19,3188.0,3220.0,3152.1,3163.6,3387562,0.0,0,0,0,0,-1.94
TCS.NS,2026-01-16,3219.4,3221.9,3171.0,3206.7,4293470,0.0,0,0,0,0,-1.34
TCS.NS,2026-01-14,3260.0,3260.0,3183.0,3192.5,3539511,0.0,0,0,0,1,0.44
TCS.NS,2026-01-13,3245.0,3280.0,3210.5,3268.0,5645341,0.0,0,0,0,0,-2.31
TCS.NS,2026-01-12,3203.0,3252.0,3174.3,3239.6,2228342,0.0,0,0,0,1,0.88
TCS.NS,2026-01-09,3191.0,3229.7,3191.0,3207.8,1938673,0.0,0,0,0,1,0.99
TCS.NS,2026-01-08,3286.9,3286.9,3182.0,3203.9,4159336,0.0,0,0,0,1,0.12
TCS.NS,2026-01-07,3242.9,3300.6,3223.2,3295.6,1989442,0.0,0,0,0,0,-2.78
TCS.NS,2026-01-06,3210.0,3263.2,3205.0,3255.8,2912325,0.0,0,0,0,1,1.22
TCS.NS,2026-01-05,3240.5,3247.0,3191.0,3216.1,2341703,0.0,0,0,0,1,1.23
TCS.NS,2026-01-02,3234.0,3254.3,3219.5,3250.7,1184324,0.0,0,0,0,0,-1.06
TCS.NS,2026-01-01,3215.0,3234.1,3198.2,3227.4,1255735,0.0,0,0,0,1,0.72
TCS.NS,2025-12-31,3240.0,3246.0,3198.5,3206.2,3362634,0.0,0,0,0,1,0.66
TCS.NS,2025-12-30,3250.0,3267.5,3239.5,3246.8,2807593,0.0,0,0,0,0,-1.25
TCS.NS,2025-12-29,3280.0,3288.0,3242.9,3251.5,2079473,0.0,0,0,0,0,-0.14
TCS.NS,2025-12-26,3313.1,3320.0,3271.8,3280.0,1176664,0.0,0,0,0,0,-0.87
TCS.NS,2025-12-24,3304.1,3327.1,3296.1,3319.0,1367708,0.0,0,0,0,0,-1.18
TCS.NS,2025-12-23,3319.9,3319.9,3293.5,3310.0,2365420,0.0,0,0,0,1,0.27
TCS.NS,2025-12-22,3310.0,3328.6,3291.0,3324.9,2632816,0.0,0,0,0,0,-0.45
TCS.NS,2025-12-19,3299.0,3317.9,3278.8,3282.0,3902511,0.0,0,0,0,1,1.31
TCS.NS,2025-12-18,3228.0,3287.8,3221.0,3280.8,2307422,0.0,0,0,0,1,0.04
TCS.NS,2025-12-17,3200.5,3236.9,3200.5,3217.8,1376350,0.0,0,0,0,1,1.96
TCS.NS,2025-12-16,3220.0,3220.0,3191.1,3205.1,1734623,0.0,0,0,0,1,0.4
TCS.NS,2025-12-15,3211.1,3238.2,3197.3,3230.2,1562190,0.0,0,0,0,0,-0.78
TCS.NS,2025-12-12,3197.7,3223.0,3185.7,3220.5,1146554,0.0,0,0,0,1,0.3
TCS.NS,2025-12-11,3205.0,3208.4,3153.1,3191.9,1914362,0.0,0,0,0,1,0.9
TCS.NS,2025-12-10,3225.0,3225.0,3178.1,3189.2,1386849,0.0,0,0,0,1,0.08
TCS.NS,2025-12-09,3230.0,3233.7,3181.2,3208.3,2734893,0.0,0,0,0,0,-0.6
TCS.NS,2025-12-08,3243.0,3259.9,3208.6,3236.5,2544725,0.0,0,0,0,0,-0.87
TCS.NS,2025-12-05,3230.0,3271.6,3222.4,3238.2,5244013,0.0,0,0,0,0,-0.05
TCS.NS,2025-12-04,3194.0,3250.0,3187.4,3229.2,5025905,0.0,0,0,0,1,0.28
TCS.NS,2025-12-03,3140.0,3211.9,3139.0,3180.0,3952112,0.0,0,0,0,1,1.55
TCS.NS,2025-12-02,3131.0,3144.0,3120.4,3135.7,2512003,0.0,0,0,0,1,1.41
TCS.NS,2025-12-01,3137.9,3154.0,3122.2,3133.4,1747647,0.0,0,0,0,1,0.07
TCS.NS,2025-11-28,3140.0,3147.3,3125.0,3137.5,1616690,0.0,0,0,0,0,-0.13
TCS.NS,2025-11-27,3180.0,3180.0,3125.0,3136.6,2836233,0.0,0,0,0,1,0.03
TCS.NS,2025-11-26,3118.8,3178.0,3117.0,3162.9,2508527,0.0,0,0,0,0,-0.83
TCS.NS,2025-11-25,3145.3,3149.8,3115.0,3119.2,2737920,0.0,0,0,0,1,1.4
TCS.NS,2025-11-24,3158.0,3178.9,3131.0,3141.2,6703764,0.0,0,0,0,0,-0.7
TCS.NS,2025-11-21,3144.8,3170.0,3135.2,3150.6,4177037,0.0,0,0,0,0,-0.3
TCS.NS,2025-11-20,3148.0,3164.5,3138.1,3144.8,2700767,0.0,0,0,0,1,0.18
TCS.NS,2025-11-19,3097.0,3155.0,3083.5,3147.7,3151053,0.0,0,0,0,0,-0.09
TCS.NS,2025-11-18,3102.0,3105.0,3078.0,3087.1,2548350,0.0,0,0,0,1,1.96
TCS.NS,2025-11-17,3106.0,3123.5,3086.6,3102.2,2232853,0.0,0,0,0,0,-0.49
TCS.NS,2025-11-14,3090.0,3113.1,3077.3,3106.0,2210794,0.0,0,0,0,0,-0.12
TCS.NS,2025-11-13,3131.8,3131.9,3102.0,3105.7,1740435,0.0,0,0,0,1,0.01
TCS.NS,2025-11-12,3060.0,3136.4,3057.1,3131.8,4460315,0.0,0,0,0,0,-0.83
TCS.NS,2025-11-11,3045.0,3055.7,3018.0,3047.0,2806868,0.0,0,0,0,1,2.78
TCS.NS,2025-11-10,2993.0,3047.9,2992.0,3025.2,1556656,0.0,0,0,0,1,0.72
TCS.NS,2025-11-07,3001.0,3004.0,2960.5,2991.8,1830520,0.0,0,0,0,1,1.12
TCS.NS,2025-11-06,2990.1,3024.0,2990.0,3010.9,2542721,0.0,0,0,0,0,-0.63
TCS.NS,2025-11-04,3019.6,3029.3,2976.0,2990.2,2670720,0.0,0,0,0,1,0.69
TCS.NS,2025-11-03,3046.9,3058.0,3010.0,3016.8,2194877,0.0,0,0,0,0,-0.88
TCS.NS,2025-10-31,3035.0,3067.4,3025.1,3058.0,1868085,0.0,0,0,0,0,-1.35
TCS.NS,2025-10-30,3049.1,3063.8,3032.8,3035.3,2241536,0.0,0,0,0,1,0.75
TCS.NS,2025-10-29,3057.9,3076.0,3046.1,3057.6,2895420,0.0,0,0,0,0,-0.73
TCS.NS,2025-10-28,3076.0,3090.2,3040.2,3057.9,3470737,0.0,0,0,0,0,-0.01
TCS.NS,2025-10-27,3066.5,3094.2,3060.2,3084.9,1946312,0.0,0,0,0,0,-0.88
TCS.NS,2025-10-24,3080.0,3090.0,3058.3,3063.2,2684318,0.0,0,0,0,1,0.71
TCS.NS,2025-10-23,3055.0,3098.0,3036.1,3073.2,5564758,0.0,0,0,0,0,-0.33
TCS.NS,2025-10-21,3031.1,3031.8,2996.0,3006.7,310644,0.0,0,0,0,1,2.21
TCS.NS,2025-10-20,2985.5,3023.0,2978.5,3015.2,3133039,0.0,0,0,0,0,-0.28
TCS.NS,2025-10-17,2970.0,2988.8,2955.4,2962.2,4374683,0.0,0,0,0,1,1.79
TCS.NS,2025-10-16,2969.9,2975.0,2943.1,2970.7,3251495,0.0,0,0,0,0,-0.29
TCS.NS,2025-10-15,2971.0,2979.7,2951.0,2969.8,4282226,0.0,0,0,0,1,0.03
TCS.NS,2025-10-14,3021.0,3027.2,2955.5,2960.3,3611416,0.0,0,0,0,1,0.32
TCS.NS,2025-10-13,3027.0,3035.5,2998.2,3007.2,2866865,0.0,0,0,0,0,-1.56
TCS.NS,2025-10-10,3050.0,3070.0,3006.9,3028.3,8817365,0.0,0,0,0,0,-0.7
TCS.NS,2025-10-09,3034.0,3066.0,3020.0,3061.7,3211304,0.0,0,0,0,0,-1.09
TCS.NS,2025-10-08,2975.0,3043.0,2968.0,3027.2,4121889,0.0,0,0,0,1,1.14
TCS.NS,2025-10-07,2995.0,3004.5,2955.5,2973.7,3062943,0.0,0,0,0,1,1.8
TCS.NS,2025-10-06,2902.0,2993.6,2895.6,2988.4,2112774,0.0,0,0,0,0,-0.49
TCS.NS,2025-10-03,2924.0,2924.0,2891.1,2901.9,2899519,0.0,0,0,0,1,2.98
TCS.NS,2025-10-01,2891.0,2924.8,2866.6,2914.2,1952902,0.0,0,0,0,0,-0.42
TCS.NS,2025-09-30,2911.0,2915.3,2885.1,2888.4,2253458,0.0,0,0,0,1,0.89
TCS.NS,2025-09-29,2916.0,2929.3,2894.0,2896.1,3110035,0.0,0,0,0,0,-0.27
TCS.NS,2025-09-26,2941.0,2954.8,2891.3,2899.1,3934636,0.0,0,0,0,0,-0.1
TCS.NS,2025-09-25,3022.0,3029.6,2951.0,2957.4,4974361,0.0,0,0,0,0,-1.97
TCS.NS,2025-09-24,3050.0,3057.0,3033.0,3035.4,1625714,0.0,0,0,0,0,-2.57
TCS.NS,2025-09-23,3070.0,3080.7,3052.0,3062.4,3177741,0.0,0,0,0,0,-0.88
TCS.NS,2025-09-22,3095.0,3106.9,3065.0,3073.8,3634901,0.0,0,0,0,0,-0.37
TCS.NS,2025-09-19,3170.0,3180.5,3144.0,3169.2,4901694,0.0,0,0,0,0,-3.01
TCS.NS,2025-09-18,3185.0,3203.0,3161.4,3176.7,2633138,0.0,0,0,0,0,-0.24
TCS.NS,2025-09-17,3152.0,3182.4,3142.4,3172.8,2418271,0.0,0,0,0,1,0.12
